pattern,original_bytes,tool,total_bytes,payload_bits,payload_equivalent_bytes,metadata_bits,metadata_equivalent_bytes,roundtrip_verified,compressed_sha256,original_sha256,accounting_details,total_compression_ratio,payload_compression_ratio
all-zero,1,gzip,21,24,3,144,18,True,8ea776040e798cccdd5f0ffedc911b2e95ed69633fad99ef56c8fbb0d2096df3,6e340b9cffb37a989ca544e6bb780a2c78901d3fb33738768511a30617afa01d,"{""member_header_bytes"": 10, ""member_trailer_bytes"": 8, ""payload_definition"": ""raw DEFLATE stream""}",0.047619047619,0.333333333333
all-zero,1,xz,68,40,5,504,63,True,5253e41cec3eef76836fdddde823879c9826f25405ab0a5185bbcebf9522db63,6e340b9cffb37a989ca544e6bb780a2c78901d3fb33738768511a30617afa01d,"{""block_checks_bytes"": 8, ""block_count"": 1, ""block_header_bytes"": 20, ""block_padding_bytes"": 3, ""index_bytes"": 8, ""payload_definition"": ""XZ Compressed Data field(s), normally LZMA2"", ""stream_header_footer_bytes"": 24}",0.0147058823529,0.2
all-zero,1,bzip2,37,179,22.375,117,14.625,True,c2c3bdc75da097685d23b36b9921ee973874b97cf0d30988c0a2f251a8d8f3eb,6e340b9cffb37a989ca544e6bb780a2c78901d3fb33738768511a30617afa01d,"{""payload_definition"": ""compressed block stream between BZh header and EOS marker"", ""stream_header_bits"": 32, ""stream_trailer_and_padding_bits"": 85}",0.027027027027,0.0446927374302
all-zero,1,lzma,24,88,11,104,13,True,b160b8e9471dd24106f78ba88503b47bd3e9de1ee5fde2330b31a4b6909bdcbd,6e340b9cffb37a989ca544e6bb780a2c78901d3fb33738768511a30617afa01d,"{""header_bytes"": 13, ""payload_definition"": ""LZMA Compressed Data field""}",0.0416666666667,0.0909090909091
all-zero,1,lz4,20,8,1,152,19,True,82e6b55ecc1878ce4bc090696160270605924575fff8efabcf708c0d8f52d391,6e340b9cffb37a989ca544e6bb780a2c78901d3fb33738768511a30617afa01d,"{""block_checksum_bytes"": 0, ""block_count"": 1, ""block_size_headers_and_endmark_bytes"": 8, ""content_checksum_bytes"": 4, ""frame_header_bytes"": 7, ""payload_definition"": ""sum of LZ4 Data Block fields""}",0.05,1
all-zero,1,zstd,14,8,1,104,13,True,e480e24e0b80f98f114f6be716fe41308497347047a8a08844dbc19039805117,6e340b9cffb37a989ca544e6bb780a2c78901d3fb33738768511a30617afa01d,"{""block_count"": 1, ""block_header_bytes"": 3, ""content_checksum_bytes"": 4, ""frame_header_bytes"": 6, ""payload_definition"": ""sum of stored Zstandard Block_Content fields""}",0.0714285714286,1
all-zero,10,gzip,23,40,5,144,18,True,74a0beae4f3ac4e9dc76ba1d933405f9a047755f872685e53456c7d22840977f,01d448afd928065458cf670b60f5a594d735af0172c8d67f22a81680132681ca,"{""member_header_bytes"": 10, ""member_trailer_bytes"": 8, ""payload_definition"": ""raw DEFLATE stream""}",0.434782608696,2
all-zero,10,xz,76,112,14,496,62,True,6fdcce1363beaba7763a62b32492be018f7bfee1edcb0329f74732facc4020f6,01d448afd928065458cf670b60f5a594d735af0172c8d67f22a81680132681ca,"{""block_checks_bytes"": 8, ""block_count"": 1, ""block_header_bytes"": 20, ""block_padding_bytes"": 2, ""index_bytes"": 8, ""payload_definition"": ""XZ Compressed Data field(s), normally LZMA2"", ""stream_header_footer_bytes"": 24}",0.131578947368,0.714285714286
all-zero,10,bzip2,37,184,23,112,14,True,df23a35ec6b53f2e0ec43e033c9ebc7c138785f0783fd96b4e4e8326988bceb2,01d448afd928065458cf670b60f5a594d735af0172c8d67f22a81680132681ca,"{""payload_definition"": ""compressed block stream between BZh header and EOS marker"", ""stream_header_bits"": 32, ""stream_trailer_and_padding_bits"": 80}",0.27027027027,0.434782608696
all-zero,10,lzma,25,96,12,104,13,True,3a8cf5d2db73ecb0b517581debb4b0faa521474f9df5c1c407f250e1fa3c850e,01d448afd928065458cf670b60f5a594d735af0172c8d67f22a81680132681ca,"{""header_bytes"": 13, ""payload_definition"": ""LZMA Compressed Data field""}",0.4,0.833333333333
all-zero,10,lz4,29,80,10,152,19,True,724d18c7e6d539ee14c890f9e576a008e16d2641959c7781a5ab998619a8e43f,01d448afd928065458cf670b60f5a594d735af0172c8d67f22a81680132681ca,"{""block_checksum_bytes"": 0, ""block_count"": 1, ""block_size_headers_and_endmark_bytes"": 8, ""content_checksum_bytes"": 4, ""frame_header_bytes"": 7, ""payload_definition"": ""sum of LZ4 Data Block fields""}",0.344827586207,1
all-zero,10,zstd,23,80,10,104,13,True,6ae0ed7d6f825258db8897ee7d5f5210ce17e305a8541bb45f4c6ad264c41355,01d448afd928065458cf670b60f5a594d735af0172c8d67f22a81680132681ca,"{""block_count"": 1, ""block_header_bytes"": 3, ""content_checksum_bytes"": 4, ""frame_header_bytes"": 6, ""payload_definition"": ""sum of stored Zstandard Block_Content fields""}",0.434782608696,1
all-zero,100,gzip,24,48,6,144,18,True,b534bb7d3202da5ba7273bd908fa4b923cd05d396ff07d321d7349192e9ab939,cd00e292c5970d3c5e2f0ffa5171e555bc46bfc4faddfb4a418b6840b86e79a3,"{""member_header_bytes"": 10, ""member_trailer_bytes"": 8, ""payload_definition"": ""raw DEFLATE stream""}",4.16666666667,16.6666666667
all-zero,100,xz,76,112,14,496,62,True,859d74d5c4c288b4e40d37e848cdaee41f20536fb7032d3b56cc3c5f613a4db1,cd00e292c5970d3c5e2f0ffa5171e555bc46bfc4faddfb4a418b6840b86e79a3,"{""block_checks_bytes"": 8, ""block_count"": 1, ""block_header_bytes"": 20, ""block_padding_bytes"": 2, ""index_bytes"": 8, ""payload_definition"": ""XZ Compressed Data field(s), normally LZMA2"", ""stream_header_footer_bytes"": 24}",1.31578947368,7.14285714286
all-zero,100,bzip2,39,200,25,112,14,True,f7aeb7769cf6e293d416691cfd7cdcc479de866b1f4029faf239358f5b682915,cd00e292c5970d3c5e2f0ffa5171e555bc46bfc4faddfb4a418b6840b86e79a3,"{""payload_definition"": ""compressed block stream between BZh header and EOS marker"", ""stream_header_bits"": 32, ""stream_trailer_and_padding_bits"": 80}",2.5641025641,4
all-zero,100,lzma,26,104,13,104,13,True,ba49c91592991691ad914ef5a366ad6a25ed6ac046600a83be96ee5bdc3e8dd3,cd00e292c5970d3c5e2f0ffa5171e555bc46bfc4faddfb4a418b6840b86e79a3,"{""header_bytes"": 13, ""payload_definition"": ""LZMA Compressed Data field""}",3.84615384615,7.69230769231
all-zero,100,lz4,30,88,11,152,19,True,7e405d3c09d77e69e046b4bb0a5928530407ac42cba10c1f873a723f878e5053,cd00e292c5970d3c5e2f0ffa5171e555bc46bfc4faddfb4a418b6840b86e79a3,"{""block_checksum_bytes"": 0, ""block_count"": 1, ""block_size_headers_and_endmark_bytes"": 8, ""content_checksum_bytes"": 4, ""frame_header_bytes"": 7, ""payload_definition"": ""sum of LZ4 Data Block fields""}",3.33333333333,9.09090909091
all-zero,100,zstd,21,64,8,104,13,True,c79de59c51acf855a829f7398eb3923ac1c1e4edde3adf0fc1798595567ce6b0,cd00e292c5970d3c5e2f0ffa5171e555bc46bfc4faddfb4a418b6840b86e79a3,"{""block_count"": 1, ""block_header_bytes"": 3, ""content_checksum_bytes"": 4, ""frame_header_bytes"": 6, ""payload_definition"": ""sum of stored Zstandard Block_Content fields""}",4.7619047619,12.5
all-zero,1000,gzip,29,88,11,144,18,True,a7297752cc8b054e7f85d5a6e6710cec38727f57f28e3e9c6aef181b489c0f37,541b3e9daa09b20bf85fa273e5cbd3e80185aa4ec298e765db87742b70138a53,"{""member_header_bytes"": 10, ""member_trailer_bytes"": 8, ""payload_definition"": ""raw DEFLATE stream""}",34.4827586207,90.9090909091
all-zero,1000,xz,84,152,19,520,65,True,044e2b796be4e63965a07fe1d2160d87eb94df6b98e0be178863b815eab5b96f,541b3e9daa09b20bf85fa273e5cbd3e80185aa4ec298e765db87742b70138a53,"{""block_checks_bytes"": 8, ""block_count"": 1, ""block_header_bytes"": 20, ""block_padding_bytes"": 1, ""index_bytes"": 12, ""payload_definition"": ""XZ Compressed Data field(s), normally LZMA2"", ""stream_header_footer_bytes"": 24}",11.9047619048,52.6315789474
all-zero,1000,bzip2,45,242,30.25,118,14.75,True,83a5920ce0c461107d3401e3ec3db0bf26c553dfeebf4f3c2f5719ad49255d26,541b3e9daa09b20bf85fa273e5cbd3e80185aa4ec298e765db87742b70138a53,"{""payload_definition"": ""compressed block stream between BZh header and EOS marker"", ""stream_header_bits"": 32, ""stream_trailer_and_padding_bits"": 86}",22.2222222222,33.0578512397
all-zero,1000,lzma,31,144,18,104,13,True,c496f1a8f17139eae545a4a5c1059ffbe334bc3e1cd690ad9162c3c4be2b010f,541b3e9daa09b20bf85fa273e5cbd3e80185aa4ec298e765db87742b70138a53,"{""header_bytes"": 13, ""payload_definition"": ""LZMA Compressed Data field""}",32.2580645161,55.5555555556
all-zero,1000,lz4,33,112,14,152,19,True,6767fd4be96123233c04a90ff70e254c206ca5fbe6c04dde50bc483c0891e73d,541b3e9daa09b20bf85fa273e5cbd3e80185aa4ec298e765db87742b70138a53,"{""block_checksum_bytes"": 0, ""block_count"": 1, ""block_size_headers_and_endmark_bytes"": 8, ""content_checksum_bytes"": 4, ""frame_header_bytes"": 7, ""payload_definition"": ""sum of LZ4 Data Block fields""}",30.303030303,71.4285714286
all-zero,1000,zstd,22,72,9,104,13,True,c6cfb7400a227fe02e97aa524daf11585b3359f1beab5b39fd9fa59443e09baa,541b3e9daa09b20bf85fa273e5cbd3e80185aa4ec298e765db87742b70138a53,"{""block_count"": 1, ""block_header_bytes"": 3, ""content_checksum_bytes"": 4, ""frame_header_bytes"": 6, ""payload_definition"": ""sum of stored Zstandard Block_Content fields""}",45.4545454545,111.111111111
all-zero,10000,gzip,45,216,27,144,18,True,30b32b96b2a21823049390fbeb8dfa076fa5cabfa872a37a1054e587984d30ce,95b532cc4381affdff0d956e12520a04129ed49d37e154228368fe5621f0b9a2,"{""member_header_bytes"": 10, ""member_trailer_bytes"": 8, ""payload_definition"": ""raw DEFLATE stream""}",222.222222222,370.37037037
all-zero,10000,xz,116,408,51,520,65,True,96b88e00faf0b20571afa99902d14fdbfe6cec90bd1797b83e3d04b0031e0976,95b532cc4381affdff0d956e12520a04129ed49d37e154228368fe5621f0b9a2,"{""block_checks_bytes"": 8, ""block_count"": 1, ""block_header_bytes"": 20, ""block_padding_bytes"": 1, ""index_bytes"": 12, ""payload_definition"": ""XZ Compressed Data field(s), normally LZMA2"", ""stream_header_footer_bytes"": 24}",86.2068965517,196.078431373
all-zero,10000,bzip2,46,249,31.125,119,14.875,True,bc22b90687e0940055edb651c4539c3f08990c9fc5699333d2da73e5ba8278d5,95b532cc4381affdff0d956e12520a04129ed49d37e154228368fe5621f0b9a2,"{""payload_definition"": ""compressed block stream between BZh header and EOS marker"", ""stream_header_bits"": 32, ""stream_trailer_and_padding_bits"": 87}",217.391304348,321.285140562
all-zero,10000,lzma,63,400,50,104,13,True,7c6ffca54672cf975786a4ca23a5824a7b8f6ed80d97f8144da39105b7d2e9ba,95b532cc4381affdff0d956e12520a04129ed49d37e154228368fe5621f0b9a2,"{""header_bytes"": 13, ""payload_definition"": ""LZMA Compressed Data field""}",158.73015873,200
all-zero,10000,lz4,69,400,50,152,19,True,2dd856ad129c19b259ad056cb727541bb8183a84af2227ee5fceca962e1075b4,95b532cc4381affdff0d956e12520a04129ed49d37e154228368fe5621f0b9a2,"{""block_checksum_bytes"": 0, ""block_count"": 1, ""block_size_headers_and_endmark_bytes"": 8, ""content_checksum_bytes"": 4, ""frame_header_bytes"": 7, ""payload_definition"": ""sum of LZ4 Data Block fields""}",144.927536232,200
all-zero,10000,zstd,22,72,9,104,13,True,448dbda6b6130ec66976907806aa923b392150e4e3bcf8ce8d217b95b6d72c42,95b532cc4381affdff0d956e12520a04129ed49d37e154228368fe5621f0b9a2,"{""block_count"": 1, ""block_header_bytes"": 3, ""content_checksum_bytes"": 4, ""frame_header_bytes"": 6, ""payload_definition"": ""sum of stored Zstandard Block_Content fields""}",454.545454545,1111.11111111
all-zero,100000,gzip,132,912,114,144,18,True,86f91efc5659364a0c2c3c2d0c879665343a5b2c4c777e2b5a137800ba358511,9192c25b734fcbadbe32dadc28089c60db0e39f90cc20ce2e5733f57261acc0c,"{""member_header_bytes"": 10, ""member_trailer_bytes"": 8, ""payload_definition"": ""raw DEFLATE stream""}",757.575757576,877.192982456
all-zero,100000,xz,156,728,91,520,65,True,4cca9b8888ce87f755542abe5be8a2860dcd7c38949625770b4f04373fb26559,9192c25b734fcbadbe32dadc28089c60db0e39f90cc20ce2e5733f57261acc0c,"{""block_checks_bytes"": 8, ""block_count"": 1, ""block_header_bytes"": 20, ""block_padding_bytes"": 1, ""index_bytes"": 12, ""payload_definition"": ""XZ Compressed Data field(s), normally LZMA2"", ""stream_header_footer_bytes"": 24}",641.025641026,1098.9010989
all-zero,100000,bzip2,47,257,32.125,119,14.875,True,4c3bcf8650df8b6b96c4700b82f4b9bfd6f48ee78485382a3de1820fa4213a07,9192c25b734fcbadbe32dadc28089c60db0e39f90cc20ce2e5733f57261acc0c,"{""payload_definition"": ""compressed block stream between BZh header and EOS marker"", ""stream_header_bits"": 32, ""stream_trailer_and_padding_bits"": 87}",2127.65957447,3112.84046693
all-zero,100000,lzma,103,720,90,104,13,True,60a493b3a469f235f8fdde81758ad4d9df4094bcfea76e82b21e27895d2f9f7f,9192c25b734fcbadbe32dadc28089c60db0e39f90cc20ce2e5733f57261acc0c,"{""header_bytes"": 13, ""payload_definition"": ""LZMA Compressed Data field""}",970.873786408,1111.11111111
all-zero,100000,lz4,422,3224,403,152,19,True,f3705e19d74ca83465aebb1398647be3afa70b336b196fe862564c66402d55c0,9192c25b734fcbadbe32dadc28089c60db0e39f90cc20ce2e5733f57261acc0c,"{""block_checksum_bytes"": 0, ""block_count"": 1, ""block_size_headers_and_endmark_bytes"": 8, ""content_checksum_bytes"": 4, ""frame_header_bytes"": 7, ""payload_definition"": ""sum of LZ4 Data Block fields""}",236.966824645,248.138957816
all-zero,100000,zstd,23,80,10,104,13,True,97cc43bb2f5e292c90ebebcdf4d0737c639086f58011a6661c5343bb8bd83f25,9192c25b734fcbadbe32dadc28089c60db0e39f90cc20ce2e5733f57261acc0c,"{""block_count"": 1, ""block_header_bytes"": 3, ""content_checksum_bytes"": 4, ""frame_header_bytes"": 6, ""payload_definition"": ""sum of stored Zstandard Block_Content fields""}",4347.82608696,10000
all-zero,1000000,gzip,1003,7880,985,144,18,True,4fd41801b416fc8e00d7d7f8a3d761262f63b74382e102c30991e618c0f554e2,d29751f2649b32ff572b5e0a9f541ea660a50f94ff0beedfb0b692b924cc8025,"{""member_header_bytes"": 10, ""member_trailer_bytes"": 8, ""payload_definition"": ""raw DEFLATE stream""}",997.008973081,1015.2284264
all-zero,1000000,xz,284,1736,217,536,67,True,d117f92200ad4d95dcb00c5122d41bf026072993db1b67672f2bea2ad1eb7cba,d29751f2649b32ff572b5e0a9f541ea660a50f94ff0beedfb0b692b924cc8025,"{""block_checks_bytes"": 8, ""block_count"": 1, ""block_header_bytes"": 20, ""block_padding_bytes"": 3, ""index_bytes"": 12, ""payload_definition"": ""XZ Compressed Data field(s), normally LZMA2"", ""stream_header_footer_bytes"": 24}",3521.12676056,4608.29493088
all-zero,1000000,bzip2,48,272,34,112,14,True,755f6d59b70daa59a0a39d8ad0dfb66caae7a0a43c769ca01ebb0e5a575868a1,d29751f2649b32ff572b5e0a9f541ea660a50f94ff0beedfb0b692b924cc8025,"{""payload_definition"": ""compressed block stream between BZh header and EOS marker"", ""stream_header_bits"": 32, ""stream_trailer_and_padding_bits"": 80}",20833.3333333,29411.7647059
all-zero,1000000,lzma,229,1728,216,104,13,True,b79a839eb01309c256231f0291e5e6f9263aa2663d4c404ca51aae268c2f0960,d29751f2649b32ff572b5e0a9f541ea660a50f94ff0beedfb0b692b924cc8025,"{""header_bytes"": 13, ""payload_definition"": ""LZMA Compressed Data field""}",4366.81222707,4629.62962963
all-zero,1000000,lz4,3951,31456,3932,152,19,True,52a326def755f49becccdf389ce292f62534bfc0ce396241da3c5a19053152f5,d29751f2649b32ff572b5e0a9f541ea660a50f94ff0beedfb0b692b924cc8025,"{""block_checksum_bytes"": 0, ""block_count"": 1, ""block_size_headers_and_endmark_bytes"": 8, ""content_checksum_bytes"": 4, ""frame_header_bytes"": 7, ""payload_definition"": ""sum of LZ4 Data Block fields""}",253.100480891,254.323499491
all-zero,1000000,zstd,51,136,17,272,34,True,2c38364077b3368b852abf047aaaff312b40752e3159d5bcaf0b627957e814ee,d29751f2649b32ff572b5e0a9f541ea660a50f94ff0beedfb0b692b924cc8025,"{""block_count"": 8, ""block_header_bytes"": 24, ""content_checksum_bytes"": 4, ""frame_header_bytes"": 6, ""payload_definition"": ""sum of stored Zstandard Block_Content fields""}",19607.8431373,58823.5294118
all-zero,2000000,gzip,1972,15632,1954,144,18,True,bb95ff2048bebeb3d11290ec74ec02e402e641d2f304bbf055f529bd33a6ec6d,13aea96040f2133033d103008d5d96cfe98b3361f7202d77bea97b2424a7a6cd,"{""member_header_bytes"": 10, ""member_trailer_bytes"": 8, ""payload_definition"": ""raw DEFLATE stream""}",1014.19878296,1023.54145343
all-zero,2000000,xz,424,2880,360,512,64,True,161a97c97ccc6f421171a8825b9fa1ee3bddb7269937adb202b498f3bda9d732,13aea96040f2133033d103008d5d96cfe98b3361f7202d77bea97b2424a7a6cd,"{""block_checks_bytes"": 8, ""block_count"": 1, ""block_header_bytes"": 20, ""block_padding_bytes"": 0, ""index_bytes"": 12, ""payload_definition"": ""XZ Compressed Data field(s), normally LZMA2"", ""stream_header_footer_bytes"": 24}",4716.98113208,5555.55555556
all-zero,2000000,bzip2,49,275,34.375,117,14.625,True,55945fbf808200248595e1d02127bff34d2df96166453bd22bcf54b2ee9b9e68,13aea96040f2133033d103008d5d96cfe98b3361f7202d77bea97b2424a7a6cd,"{""payload_definition"": ""compressed block stream between BZh header and EOS marker"", ""stream_header_bits"": 32, ""stream_trailer_and_padding_bits"": 85}",40816.3265306,58181.8181818
all-zero,2000000,lzma,371,2864,358,104,13,True,8c4a21da7c3327134bbb1a70014151641e022846e8b4f03d54b084c1a9a7641f,13aea96040f2133033d103008d5d96cfe98b3361f7202d77bea97b2424a7a6cd,"{""header_bytes"": 13, ""payload_definition"": ""LZMA Compressed Data field""}",5390.83557951,5586.59217877
all-zero,2000000,lz4,7873,62832,7854,152,19,True,68509e0ea2ea3006dba2677b3621d16b589e696099012940a086c64c68d1a7cc,13aea96040f2133033d103008d5d96cfe98b3361f7202d77bea97b2424a7a6cd,"{""block_checksum_bytes"": 0, ""block_count"": 1, ""block_size_headers_and_endmark_bytes"": 8, ""content_checksum_bytes"": 4, ""frame_header_bytes"": 7, ""payload_definition"": ""sum of LZ4 Data Block fields""}",254.032770227,254.647313471
all-zero,2000000,zstd,83,200,25,464,58,True,b0a8fb1f1bdcb24c330c49ff9018e6c1b62268574023e6c1fa442af15f844ce5,13aea96040f2133033d103008d5d96cfe98b3361f7202d77bea97b2424a7a6cd,"{""block_count"": 16, ""block_header_bytes"": 48, ""content_checksum_bytes"": 4, ""frame_header_bytes"": 6, ""payload_definition"": ""sum of stored Zstandard Block_Content fields""}",24096.3855422,80000
all-zero,5000000,gzip,4892,38992,4874,144,18,True,84cefabf45fab6870e9f0402491c6cfd78e5db0facc7c4aa5e70e870922e7c3c,b39781589c4403fb82174c9647a010464cff38bad976547d339899b00053a545,"{""member_header_bytes"": 10, ""member_trailer_bytes"": 8, ""payload_definition"": ""raw DEFLATE stream""}",1022.07686018,1025.85145671
all-zero,5000000,xz,868,6408,801,536,67,True,e86efabb8dc64efd685bd007cfd16210e376547d3bfa0b677cb153b2d1260260,b39781589c4403fb82174c9647a010464cff38bad976547d339899b00053a545,"{""block_checks_bytes"": 8, ""block_count"": 1, ""block_header_bytes"": 20, ""block_padding_bytes"": 3, ""index_bytes"": 12, ""payload_definition"": ""XZ Compressed Data field(s), normally LZMA2"", ""stream_header_footer_bytes"": 24}",5760.36866359,6242.19725343
all-zero,5000000,bzip2,49,276,34.5,116,14.5,True,1f6550e4c4f8669b7bf516eb7611495af285dea38cded94e3046469444eae618,b39781589c4403fb82174c9647a010464cff38bad976547d339899b00053a545,"{""payload_definition"": ""compressed block stream between BZh header and EOS marker"", ""stream_header_bits"": 32, ""stream_trailer_and_padding_bits"": 84}",102040.816327,144927.536232
all-zero,5000000,lzma,794,6248,781,104,13,True,8677b67fc64d4725b63ef6357900dfb5bcc616e40ab9d559ae3a11cacda70bd9,b39781589c4403fb82174c9647a010464cff38bad976547d339899b00053a545,"{""header_bytes"": 13, ""payload_definition"": ""LZMA Compressed Data field""}",6297.22921914,6402.04865557
all-zero,5000000,lz4,19652,157032,19629,184,23,True,6aebee34e4bb800deb8c240c4df798c71f27bc00e1f1b66b00e856333433acdd,b39781589c4403fb82174c9647a010464cff38bad976547d339899b00053a545,"{""block_checksum_bytes"": 0, ""block_count"": 2, ""block_size_headers_and_endmark_bytes"": 12, ""content_checksum_bytes"": 4, ""frame_header_bytes"": 7, ""payload_definition"": ""sum of LZ4 Data Block fields""}",254.427030328,254.725151561
all-zero,5000000,zstd,175,384,48,1016,127,True,b5b59ad9e02737d85c1f54cd82cbd3df5d39e60ddc3e3b3f5a1988b752f17eb4,b39781589c4403fb82174c9647a010464cff38bad976547d339899b00053a545,"{""block_count"": 39, ""block_header_bytes"": 117, ""content_checksum_bytes"": 4, ""frame_header_bytes"": 6, ""payload_definition"": ""sum of stored Zstandard Block_Content fields""}",28571.4285714,104166.666667
all-zero,10000000,gzip,9750,77856,9732,144,18,True,c768315330e157eb96df770f196e83bb2fc2ceda2906ecf9372034e5e98faf21,f5e02aa71e67f41d79023a128ca35bad86cf7b6656967bfe0884b3a3c4325eaf,"{""member_header_bytes"": 10, ""member_trailer_bytes"": 8, ""payload_definition"": ""raw DEFLATE stream""}",1025.64102564,1027.53801891
all-zero,10000000,xz,1592,12200,1525,536,67,True,e7d76bb047862b55b1aed4dd85148b158a3acc32680065843efb005f64996c05,f5e02aa71e67f41d79023a128ca35bad86cf7b6656967bfe0884b3a3c4325eaf,"{""block_checks_bytes"": 8, ""block_count"": 1, ""block_header_bytes"": 20, ""block_padding_bytes"": 3, ""index_bytes"": 12, ""payload_definition"": ""XZ Compressed Data field(s), normally LZMA2"", ""stream_header_footer_bytes"": 24}",6281.40703518,6557.37704918
all-zero,10000000,bzip2,49,279,34.875,113,14.125,True,3860b72890a5eb35acdce483112d3126186609ac428006f4ed283a6905aeb7c3,f5e02aa71e67f41d79023a128ca35bad86cf7b6656967bfe0884b3a3c4325eaf,"{""payload_definition"": ""compressed block stream between BZh header and EOS marker"", ""stream_header_bits"": 32, ""stream_trailer_and_padding_bits"": 81}",204081.632653,286738.351254
all-zero,10000000,lzma,1499,11888,1486,104,13,True,7136f7d8180bce986711996c28a54487755452c0b9b03b1f2f8e9edc33487038,f5e02aa71e67f41d79023a128ca35bad86cf7b6656967bfe0884b3a3c4325eaf,"{""header_bytes"": 13, ""payload_definition"": ""LZMA Compressed Data field""}",6671.11407605,6729.47510094
all-zero,10000000,lz4,39275,313984,39248,216,27,True,703a4d0ad62728090f76e1a8c21ad00d61a2b104e415204e83c7820574d50d69,f5e02aa71e67f41d79023a128ca35bad86cf7b6656967bfe0884b3a3c4325eaf,"{""block_checksum_bytes"": 0, ""block_count"": 3, ""block_size_headers_and_endmark_bytes"": 16, ""content_checksum_bytes"": 4, ""frame_header_bytes"": 7, ""payload_definition"": ""sum of LZ4 Data Block fields""}",254.614894971,254.790052996
all-zero,10000000,zstd,334,744,93,1928,241,True,b27e1e893289bbe28d9204b9b2e5dad018b3afbe8d697d81e9cffdb33c8280ae,f5e02aa71e67f41d79023a128ca35bad86cf7b6656967bfe0884b3a3c4325eaf,"{""block_count"": 77, ""block_header_bytes"": 231, ""content_checksum_bytes"": 4, ""frame_header_bytes"": 6, ""payload_definition"": ""sum of stored Zstandard Block_Content fields""}",29940.1197605,107526.88172
all-zero,20000000,gzip,19465,155576,19447,144,18,True,a3fe0adbf964745d97e308c9cf4fac3e88a283ca04312f04e64497532ac7e286,9e21c61969cd3e077a1b2b58ddb583b175e13c6479d2d83912eaddc23c0cdd52,"{""member_header_bytes"": 10, ""member_trailer_bytes"": 8, ""payload_definition"": ""raw DEFLATE stream""}",1027.4852299,1028.43626266
all-zero,20000000,xz,3048,23856,2982,528,66,True,e217c66eb55be6818e5cb9457d11c68c468d3f6ff5120a6bee9779ad47ddd473,9e21c61969cd3e077a1b2b58ddb583b175e13c6479d2d83912eaddc23c0cdd52,"{""block_checks_bytes"": 8, ""block_count"": 1, ""block_header_bytes"": 20, ""block_padding_bytes"": 2, ""index_bytes"": 12, ""payload_definition"": ""XZ Compressed Data field(s), normally LZMA2"", ""stream_header_footer_bytes"": 24}",6561.67979003,6706.90811536
all-zero,20000000,bzip2,50,282,35.25,118,14.75,True,cd751a232528862f4d9a3131ddc8c9fc303f6058b21b2f4c4385c05b0af6f380,9e21c61969cd3e077a1b2b58ddb583b175e13c6479d2d83912eaddc23c0cdd52,"{""payload_definition"": ""compressed block stream between BZh header and EOS marker"", ""stream_header_bits"": 32, ""stream_trailer_and_padding_bits"": 86}",400000,567375.886525
all-zero,20000000,lzma,2910,23176,2897,104,13,True,b3fee71e1dbef4dfae78c99b6e0e612526f5834c8fe1f200879d54618fda9d0b,9e21c61969cd3e077a1b2b58ddb583b175e13c6479d2d83912eaddc23c0cdd52,"{""header_bytes"": 13, ""payload_definition"": ""LZMA Compressed Data field""}",6872.85223368,6903.69347601
all-zero,20000000,lz4,78520,627880,78485,280,35,True,9482d988d058d62eed312c0e0401606ddc612665bc9422af6fef32d65805a742,9e21c61969cd3e077a1b2b58ddb583b175e13c6479d2d83912eaddc23c0cdd52,"{""block_checksum_bytes"": 0, ""block_count"": 5, ""block_size_headers_and_endmark_bytes"": 24, ""content_checksum_bytes"": 4, ""frame_header_bytes"": 7, ""payload_definition"": ""sum of LZ4 Data Block fields""}",254.712175242,254.825762885
all-zero,20000000,zstd,645,1408,176,3752,469,True,b44589f0f9cc8f6dee0eb07113d0c23c175ec77c73f3eb20b838cc0730671632,9e21c61969cd3e077a1b2b58ddb583b175e13c6479d2d83912eaddc23c0cdd52,"{""block_count"": 153, ""block_header_bytes"": 459, ""content_checksum_bytes"": 4, ""frame_header_bytes"": 6, ""payload_definition"": ""sum of stored Zstandard Block_Content fields""}",31007.751938,113636.363636
all-zero,50000000,gzip,48622,388832,48604,144,18,True,bcf6808114807fe494b52696b33f42dab1fe689411aaf7fcfb8819325c4896d9,ab46920a3bcd0891d34367719808bc3f832e4968ddfbfb464d093e306d2275ad,"{""member_header_bytes"": 10, ""member_trailer_bytes"": 8, ""payload_definition"": ""raw DEFLATE stream""}",1028.34108017,1028.72191589
all-zero,50000000,xz,7524,59368,7421,824,103,True,5dddaa96a3b7cdd9f2f81a979477f422199c055d9ef722bfd1c5fb45388aa87e,ab46920a3bcd0891d34367719808bc3f832e4968ddfbfb464d093e306d2275ad,"{""block_checks_bytes"": 16, ""block_count"": 2, ""block_header_bytes"": 40, ""block_padding_bytes"": 3, ""index_bytes"": 20, ""payload_definition"": ""XZ Compressed Data field(s), normally LZMA2"", ""stream_header_footer_bytes"": 24}",6645.40138224,6737.63643714
all-zero,50000000,bzip2,81,532,66.5,116,14.5,True,e08e68b3da3cb1b8fc7b6de56a4b498699f108824ec8e687aaf68245c0ca406a,ab46920a3bcd0891d34367719808bc3f832e4968ddfbfb464d093e306d2275ad,"{""payload_definition"": ""compressed block stream between BZh header and EOS marker"", ""stream_header_bits"": 32, ""stream_trailer_and_padding_bits"": 84}",617283.950617,751879.699248
all-zero,50000000,lzma,7142,57032,7129,104,13,True,0fba8394a4d63ce66d60d529de6dc82de2704e39c759c01f97d25faa0760c340,ab46920a3bcd0891d34367719808bc3f832e4968ddfbfb464d093e306d2275ad,"{""header_bytes"": 13, ""payload_definition"": ""LZMA Compressed Data field""}",7000.84010081,7013.60639641
all-zero,50000000,lz4,196270,1569656,196207,504,63,True,8f5f43a6dad63000cfbc9568821d104623519f28fe1eb806f68a83a5709e6dc1,ab46920a3bcd0891d34367719808bc3f832e4968ddfbfb464d093e306d2275ad,"{""block_checksum_bytes"": 0, ""block_count"": 12, ""block_size_headers_and_endmark_bytes"": 52, ""content_checksum_bytes"": 4, ""frame_header_bytes"": 7, ""payload_definition"": ""sum of LZ4 Data Block fields""}",254.751108167,254.832906063
all-zero,50000000,zstd,1582,3408,426,9248,1156,True,3a8ae62264b4f7c7bd00ea1b22eda20c835b09325b4edffb9bce3a93c2ae2a46,ab46920a3bcd0891d34367719808bc3f832e4968ddfbfb464d093e306d2275ad,"{""block_count"": 382, ""block_header_bytes"": 1146, ""content_checksum_bytes"": 4, ""frame_header_bytes"": 6, ""payload_definition"": ""sum of stored Zstandard Block_Content fields""}",31605.562579,117370.892019
all-zero,100000000,gzip,97221,777624,97203,144,18,True,a9c1bf11d30fed5058d406961674090b565b64650e6d394c3f56444fd4afb0ba,a993f8c574e0fea8c1cdcbcd9408d9e2e107ee6e4d120edcfa11decd53fa0cae,"{""member_header_bytes"": 10, ""member_trailer_bytes"": 8, ""payload_definition"": ""raw DEFLATE stream""}",1028.58435935,1028.77483205
all-zero,100000000,xz,15024,118824,14853,1368,171,True,3f95bfeeb171494ad1b9f3d8fae0d41bde7d45e48b7e823fc66308da126afa4e,a993f8c574e0fea8c1cdcbcd9408d9e2e107ee6e4d120edcfa11decd53fa0cae,"{""block_checks_bytes"": 32, ""block_count"": 4, ""block_header_bytes"": 80, ""block_padding_bytes"": 3, ""index_bytes"": 32, ""payload_definition"": ""XZ Compressed Data field(s), normally LZMA2"", ""stream_header_footer_bytes"": 24}",6656.0170394,6732.64660338
all-zero,100000000,bzip2,113,791,98.875,113,14.125,True,50ecaa88cace6507c45bd31207b09169defa941e44c5d14e24fb0f7da1602036,a993f8c574e0fea8c1cdcbcd9408d9e2e107ee6e4d120edcfa11decd53fa0cae,"{""payload_definition"": ""compressed block stream between BZh header and EOS marker"", ""stream_header_bits"": 32, ""stream_trailer_and_padding_bits"": 81}",884955.752212,1011378.00253
all-zero,100000000,lzma,14195,113456,14182,104,13,True,f488655fe0f0c19a13c30fa7c85f6736b83c6f1563130183a1df0159905db468,a993f8c574e0fea8c1cdcbcd9408d9e2e107ee6e4d120edcfa11decd53fa0cae,"{""header_bytes"": 13, ""payload_definition"": ""LZMA Compressed Data field""}",7044.73406129,7051.19165139
all-zero,100000000,lz4,392525,3139312,392414,888,111,True,ae7f16c80985dc44eec0389471e888e5dcf13bd5624a47ba0d981c5d6a1cdf2f,a993f8c574e0fea8c1cdcbcd9408d9e2e107ee6e4d120edcfa11decd53fa0cae,"{""block_checksum_bytes"": 0, ""block_count"": 24, ""block_size_headers_and_endmark_bytes"": 100, ""content_checksum_bytes"": 4, ""frame_header_bytes"": 7, ""payload_definition"": ""sum of LZ4 Data Block fields""}",254.760843258,254.832906063
all-zero,100000000,zstd,3148,6792,849,18392,2299,True,e4f318e95ddd3fe00442990ea241e605109b128cfeae81b65838fb14f210c76b,a993f8c574e0fea8c1cdcbcd9408d9e2e107ee6e4d120edcfa11decd53fa0cae,"{""block_count"": 763, ""block_header_bytes"": 2289, ""content_checksum_bytes"": 4, ""frame_header_bytes"": 6, ""payload_definition"": ""sum of stored Zstandard Block_Content fields""}",31766.2007624,117785.630153
all-zero,200000000,gzip,194421,1555224,194403,144,18,True,24cf8f3541e6611348331e6f4a07b7a1f97a1c66cdd8688ac1adea74337ec603,d162f6594b643795442d4c7bba3a1711962b9e63717625d9f1f9696df315c86b,"{""member_header_bytes"": 10, ""member_trailer_bytes"": 8, ""payload_definition"": ""raw DEFLATE stream""}",1028.69545985,1028.79070796
all-zero,200000000,xz,30028,237720,29715,2504,313,True,4e84559489776bf1bd8e9a79c8d35fc74b88922a20b75f095b1aaa22c3c48a93,d162f6594b643795442d4c7bba3a1711962b9e63717625d9f1f9696df315c86b,"{""block_checks_bytes"": 64, ""block_count"": 8, ""block_header_bytes"": 160, ""block_padding_bytes"": 9, ""index_bytes"": 56, ""payload_definition"": ""XZ Compressed Data field(s), normally LZMA2"", ""stream_header_footer_bytes"": 24}",6660.45024644,6730.60743732
all-zero,200000000,bzip2,178,1306,163.25,118,14.75,True,8715da6e85da6fdd6b97fac3a68d6e2cd27593abc7e419092d9ef21f30e13cec,d162f6594b643795442d4c7bba3a1711962b9e63717625d9f1f9696df315c86b,"{""payload_definition"": ""compressed block stream between BZh header and EOS marker"", ""stream_header_bits"": 32, ""stream_trailer_and_padding_bits"": 86}",1123595.50562,1225114.85452
all-zero,200000000,lzma,28301,226304,28288,104,13,True,413033916823787e9aa1e0c695cb56b740093136ad510e90496fb4e56033aa34,d162f6594b643795442d4c7bba3a1711962b9e63717625d9f1f9696df315c86b,"{""header_bytes"": 13, ""payload_definition"": ""LZMA Compressed Data field""}",7066.88809583,7070.13574661
all-zero,200000000,lz4,785036,6278632,784829,1656,207,True,14d97090115bb3efb46ac46146a4e35429b1dd73aef8b8a4821b3e813f3aebf9,d162f6594b643795442d4c7bba3a1711962b9e63717625d9f1f9696df315c86b,"{""block_checksum_bytes"": 0, ""block_count"": 48, ""block_size_headers_and_endmark_bytes"": 196, ""content_checksum_bytes"": 4, ""frame_header_bytes"": 7, ""payload_definition"": ""sum of LZ4 Data Block fields""}",254.765386556,254.832581365
all-zero,200000000,zstd,6284,13568,1696,36704,4588,True,50331b163e3c88e165999874bb56979bb7ab03a3c9e974295f4d84a071419570,d162f6594b643795442d4c7bba3a1711962b9e63717625d9f1f9696df315c86b,"{""block_count"": 1526, ""block_header_bytes"": 4578, ""content_checksum_bytes"": 4, ""frame_header_bytes"": 6, ""payload_definition"": ""sum of stored Zstandard Block_Content fields""}",31826.8618714,117924.528302
all-zero,500000000,gzip,486006,3887904,485988,144,18,True,99eb5b6ae33c76d6a7284371802e67c4abb05b8627e27950ed26318efe7fc649,38f7c0648553d81ad9402ebdd1b275a0029644c5b7eef7c963dfa7db9ef0ba23,"{""member_header_bytes"": 10, ""member_trailer_bytes"": 8, ""payload_definition"": ""raw DEFLATE stream""}",1028.7938832,1028.83198762
all-zero,500000000,xz,75024,594344,74293,5848,731,True,eff4d1e7ac25264e8dcfbea8b460bd7c1f267974dc0c1549186ee0867e114597,38f7c0648553d81ad9402ebdd1b275a0029644c5b7eef7c963dfa7db9ef0ba23,"{""block_checks_bytes"": 160, ""block_count"": 20, ""block_header_bytes"": 400, ""block_padding_bytes"": 19, ""index_bytes"": 128, ""payload_definition"": ""XZ Compressed Data field(s), normally LZMA2"", ""stream_header_footer_bytes"": 24}",6664.53401578,6730.10916237
all-zero,500000000,bzip2,370,2847,355.875,113,14.125,True,7ade175fc8b58f395c84d5bb2d3f10cd1d5725c6a46005629e232c24f9cf994e,38f7c0648553d81ad9402ebdd1b275a0029644c5b7eef7c963dfa7db9ef0ba23,"{""payload_definition"": ""compressed block stream between BZh header and EOS marker"", ""stream_header_bits"": 32, ""stream_trailer_and_padding_bits"": 81}",1351351.35135,1404987.70636
all-zero,500000000,lzma,70619,564848,70606,104,13,True,1d33e782540e55b8921a0c9d31715306d2270501e74e7715f279e27641828780,38f7c0648553d81ad9402ebdd1b275a0029644c5b7eef7c963dfa7db9ef0ba23,"{""header_bytes"": 13, ""payload_definition"": ""LZMA Compressed Data field""}",7080.24752545,7081.55114296
all-zero,500000000,lz4,1962569,15696592,1962074,3960,495,True,da52118b69d77cc9fc3957a2ca5ce7b32488e583a0f5535ee80cd55567b59665,38f7c0648553d81ad9402ebdd1b275a0029644c5b7eef7c963dfa7db9ef0ba23,"{""block_checksum_bytes"": 0, ""block_count"": 120, ""block_size_headers_and_endmark_bytes"": 484, ""content_checksum_bytes"": 4, ""frame_header_bytes"": 7, ""payload_definition"": ""sum of LZ4 Data Block fields""}",254.768112612,254.832386546
all-zero,500000000,zstd,15692,33896,4237,91640,11455,True,b5e8b2bb95fe3d4c52a38569cb174f683ad1455b9454c74492a6ab4ea589070a,38f7c0648553d81ad9402ebdd1b275a0029644c5b7eef7c963dfa7db9ef0ba23,"{""block_count"": 3815, ""block_header_bytes"": 11445, ""content_checksum_bytes"": 4, ""frame_header_bytes"": 6, ""payload_definition"": ""sum of stored Zstandard Block_Content fields""}",31863.36987,118008.024546
all-zero,1000000000,gzip,971976,7775664,971958,144,18,True,436135cb73706a021ff89150ea48be8c04dcbe1992698df6ea6e64b4318ed974,bc17f06f9d9b5f6f79ca189a1772b1a3a38d6e40c45bec50f9c4f28144efddca,"{""member_header_bytes"": 10, ""member_trailer_bytes"": 8, ""payload_definition"": ""raw DEFLATE stream""}",1028.83198762,1028.85104089
all-zero,1000000000,xz,150020,1188696,148587,11464,1433,True,41f407ace8d5c4a0dcac56390df7e754615fb6d952abd8aff826b1327167d7f8,bc17f06f9d9b5f6f79ca189a1772b1a3a38d6e40c45bec50f9c4f28144efddca,"{""block_checks_bytes"": 320, ""block_count"": 40, ""block_header_bytes"": 800, ""block_padding_bytes"": 41, ""index_bytes"": 248, ""payload_definition"": ""XZ Compressed Data field(s), normally LZMA2"", ""stream_header_footer_bytes"": 24}",6665.77789628,6730.06386831
all-zero,1000000000,bzip2,722,5659,707.375,117,14.625,True,bb3262f6ee7a4dfe835ca02397c1f0bd790ed104a5f03618dee24e4aac421907,bc17f06f9d9b5f6f79ca189a1772b1a3a38d6e40c45bec50f9c4f28144efddca,"{""payload_definition"": ""compressed block stream between BZh header and EOS marker"", ""stream_header_bits"": 32, ""stream_trailer_and_padding_bits"": 85}",1385041.55125,1413677.32815
all-zero,1000000000,lzma,141150,1129096,141137,104,13,True,cd2dbc5c91256c38b8043fe9791fc39222318f6511a4400016f04471464421b5,bc17f06f9d9b5f6f79ca189a1772b1a3a38d6e40c45bec50f9c4f28144efddca,"{""header_bytes"": 13, ""payload_definition"": ""LZMA Compressed Data field""}",7084.6617074,7085.31426911
all-zero,1000000000,lz4,3925108,31393096,3924137,7768,971,True,c2e79429ae567d46ea04bd4926661d77203e08700752e30c186bc6f140b738d7,bc17f06f9d9b5f6f79ca189a1772b1a3a38d6e40c45bec50f9c4f28144efddca,"{""block_checksum_bytes"": 0, ""block_count"": 239, ""block_size_headers_and_endmark_bytes"": 960, ""content_checksum_bytes"": 4, ""frame_header_bytes"": 7, ""payload_definition"": ""sum of LZ4 Data Block fields""}",254.77005983,254.833100883
all-zero,1000000000,zstd,31372,67776,8472,183200,22900,True,e9beb10339cd98d1df6ad348252b96adcb0c444598610d03bed777203abc396b,bc17f06f9d9b5f6f79ca189a1772b1a3a38d6e40c45bec50f9c4f28144efddca,"{""block_count"": 7630, ""block_header_bytes"": 22890, ""content_checksum_bytes"": 4, ""frame_header_bytes"": 6, ""payload_definition"": ""sum of stored Zstandard Block_Content fields""}",31875.5578223,118035.882908
alternating-00-01,1,gzip,21,24,3,144,18,True,8ea776040e798cccdd5f0ffedc911b2e95ed69633fad99ef56c8fbb0d2096df3,6e340b9cffb37a989ca544e6bb780a2c78901d3fb33738768511a30617afa01d,"{""member_header_bytes"": 10, ""member_trailer_bytes"": 8, ""payload_definition"": ""raw DEFLATE stream""}",0.047619047619,0.333333333333
alternating-00-01,1,xz,68,40,5,504,63,True,5253e41cec3eef76836fdddde823879c9826f25405ab0a5185bbcebf9522db63,6e340b9cffb37a989ca544e6bb780a2c78901d3fb33738768511a30617afa01d,"{""block_checks_bytes"": 8, ""block_count"": 1, ""block_header_bytes"": 20, ""block_padding_bytes"": 3, ""index_bytes"": 8, ""payload_definition"": ""XZ Compressed Data field(s), normally LZMA2"", ""stream_header_footer_bytes"": 24}",0.0147058823529,0.2
alternating-00-01,1,bzip2,37,179,22.375,117,14.625,True,c2c3bdc75da097685d23b36b9921ee973874b97cf0d30988c0a2f251a8d8f3eb,6e340b9cffb37a989ca544e6bb780a2c78901d3fb33738768511a30617afa01d,"{""payload_definition"": ""compressed block stream between BZh header and EOS marker"", ""stream_header_bits"": 32, ""stream_trailer_and_padding_bits"": 85}",0.027027027027,0.0446927374302
alternating-00-01,1,lzma,24,88,11,104,13,True,b160b8e9471dd24106f78ba88503b47bd3e9de1ee5fde2330b31a4b6909bdcbd,6e340b9cffb37a989ca544e6bb780a2c78901d3fb33738768511a30617afa01d,"{""header_bytes"": 13, ""payload_definition"": ""LZMA Compressed Data field""}",0.0416666666667,0.0909090909091
alternating-00-01,1,lz4,20,8,1,152,19,True,82e6b55ecc1878ce4bc090696160270605924575fff8efabcf708c0d8f52d391,6e340b9cffb37a989ca544e6bb780a2c78901d3fb33738768511a30617afa01d,"{""block_checksum_bytes"": 0, ""block_count"": 1, ""block_size_headers_and_endmark_bytes"": 8, ""content_checksum_bytes"": 4, ""frame_header_bytes"": 7, ""payload_definition"": ""sum of LZ4 Data Block fields""}",0.05,1
alternating-00-01,1,zstd,14,8,1,104,13,True,e480e24e0b80f98f114f6be716fe41308497347047a8a08844dbc19039805117,6e340b9cffb37a989ca544e6bb780a2c78901d3fb33738768511a30617afa01d,"{""block_count"": 1, ""block_header_bytes"": 3, ""content_checksum_bytes"": 4, ""frame_header_bytes"": 6, ""payload_definition"": ""sum of stored Zstandard Block_Content fields""}",0.0714285714286,1
alternating-00-01,10,gzip,24,48,6,144,18,True,178ef00082eb6a63b47d463dc285f204565a8aef922578baf0d9c8092c907fd1,18db40f653640507f5341c4766ff69ef46f40e9d32a9b565d78c97a87c280f75,"{""member_header_bytes"": 10, ""member_trailer_bytes"": 8, ""payload_definition"": ""raw DEFLATE stream""}",0.416666666667,1.66666666667
alternating-00-01,10,xz,76,120,15,488,61,True,f8476257aced4461c46acc3687fc6b45b03bda1dc7d730f1c738d629c6af6f54,18db40f653640507f5341c4766ff69ef46f40e9d32a9b565d78c97a87c280f75,"{""block_checks_bytes"": 8, ""block_count"": 1, ""block_header_bytes"": 20, ""block_padding_bytes"": 1, ""index_bytes"": 8, ""payload_definition"": ""XZ Compressed Data field(s), normally LZMA2"", ""stream_header_footer_bytes"": 24}",0.131578947368,0.666666666667
alternating-00-01,10,bzip2,38,188,23.5,116,14.5,True,3194ce51251ab37628c8577d0df13822edfa5a97e0589404b93e6dd0fd1013bf,18db40f653640507f5341c4766ff69ef46f40e9d32a9b565d78c97a87c280f75,"{""payload_definition"": ""compressed block stream between BZh header and EOS marker"", ""stream_header_bits"": 32, ""stream_trailer_and_padding_bits"": 84}",0.263157894737,0.425531914894
alternating-00-01,10,lzma,26,104,13,104,13,True,da53b7fcf7b83b0c46c29ece419f64b9fd0936cc6be524f63afe2ed164b9f014,18db40f653640507f5341c4766ff69ef46f40e9d32a9b565d78c97a87c280f75,"{""header_bytes"": 13, ""payload_definition"": ""LZMA Compressed Data field""}",0.384615384615,0.769230769231
alternating-00-01,10,lz4,29,80,10,152,19,True,66d31afac20e2e3fb69efc242247542c272bdc210de7f257208ef7b2d6277c88,18db40f653640507f5341c4766ff69ef46f40e9d32a9b565d78c97a87c280f75,"{""block_checksum_bytes"": 0, ""block_count"": 1, ""block_size_headers_and_endmark_bytes"": 8, ""content_checksum_bytes"": 4, ""frame_header_bytes"": 7, ""payload_definition"": ""sum of LZ4 Data Block fields""}",0.344827586207,1
alternating-00-01,10,zstd,23,80,10,104,13,True,77f6b70f7d92259a5713431b991f2f604a1797fde75ef4c1bc7d35d6ee6d5325,18db40f653640507f5341c4766ff69ef46f40e9d32a9b565d78c97a87c280f75,"{""block_count"": 1, ""block_header_bytes"": 3, ""content_checksum_bytes"": 4, ""frame_header_bytes"": 6, ""payload_definition"": ""sum of stored Zstandard Block_Content fields""}",0.434782608696,1
alternating-00-01,100,gzip,25,56,7,144,18,True,875e7e7684e97bba7743e5bd861abcddc856bccaa8b74a288b419476c2e5d50e,b8f2c5a9c8c41eec6b4ecd5f3ea3cdd6cb07631b9ed2c1c264cfce8b98cc44ef,"{""member_header_bytes"": 10, ""member_trailer_bytes"": 8, ""payload_definition"": ""raw DEFLATE stream""}",4,14.2857142857
alternating-00-01,100,xz,76,128,16,480,60,True,49e930aa1a584ea699fa11d30dad4a99dba9b2ff3a6203fba9d535ba05934fcc,b8f2c5a9c8c41eec6b4ecd5f3ea3cdd6cb07631b9ed2c1c264cfce8b98cc44ef,"{""block_checks_bytes"": 8, ""block_count"": 1, ""block_header_bytes"": 20, ""block_padding_bytes"": 0, ""index_bytes"": 8, ""payload_definition"": ""XZ Compressed Data field(s), normally LZMA2"", ""stream_header_footer_bytes"": 24}",1.31578947368,6.25
alternating-00-01,100,bzip2,40,201,25.125,119,14.875,True,061041ff0ec20ef6fe49c3d95f422dfc8f6b3283dde798ad32e062ffe525a133,b8f2c5a9c8c41eec6b4ecd5f3ea3cdd6cb07631b9ed2c1c264cfce8b98cc44ef,"{""payload_definition"": ""compressed block stream between BZh header and EOS marker"", ""stream_header_bits"": 32, ""stream_trailer_and_padding_bits"": 87}",2.5,3.98009950249
alternating-00-01,100,lzma,27,112,14,104,13,True,1f5de46d9b334773a59269f688a5343bae852797cf859610267336295cfd2de2,b8f2c5a9c8c41eec6b4ecd5f3ea3cdd6cb07631b9ed2c1c264cfce8b98cc44ef,"{""header_bytes"": 13, ""payload_definition"": ""LZMA Compressed Data field""}",3.7037037037,7.14285714286
alternating-00-01,100,lz4,31,96,12,152,19,True,15becd647edf3d6f407fd99ecf5c29549bc13fe0e312da0e43403c43f9118125,b8f2c5a9c8c41eec6b4ecd5f3ea3cdd6cb07631b9ed2c1c264cfce8b98cc44ef,"{""block_checksum_bytes"": 0, ""block_count"": 1, ""block_size_headers_and_endmark_bytes"": 8, ""content_checksum_bytes"": 4, ""frame_header_bytes"": 7, ""payload_definition"": ""sum of LZ4 Data Block fields""}",3.22580645161,8.33333333333
alternating-00-01,100,zstd,21,64,8,104,13,True,ba8c7771e0c5e705b1c3361b6ac96aa49ddcfb67a5a6955bd03106d772cdc0d7,b8f2c5a9c8c41eec6b4ecd5f3ea3cdd6cb07631b9ed2c1c264cfce8b98cc44ef,"{""block_count"": 1, ""block_header_bytes"": 3, ""content_checksum_bytes"": 4, ""frame_header_bytes"": 6, ""payload_definition"": ""sum of stored Zstandard Block_Content fields""}",4.7619047619,12.5
alternating-00-01,1000,gzip,30,96,12,144,18,True,763557fc09aec7100399df630f65e9e7569ea5db557a3f99db9532cbc8dab1d9,a397a563ae79e726a32a764b5336d80c7b7f34c8e721acdd429c328a739a0779,"{""member_header_bytes"": 10, ""member_trailer_bytes"": 8, ""payload_definition"": ""raw DEFLATE stream""}",33.3333333333,83.3333333333
alternating-00-01,1000,xz,88,168,21,536,67,True,cc94eb34f71e8ac147d58247b1cfe8d06f4b7c0b783362c49cd32ebafeb1d955,a397a563ae79e726a32a764b5336d80c7b7f34c8e721acdd429c328a739a0779,"{""block_checks_bytes"": 8, ""block_count"": 1, ""block_header_bytes"": 20, ""block_padding_bytes"": 3, ""index_bytes"": 12, ""payload_definition"": ""XZ Compressed Data field(s), normally LZMA2"", ""stream_header_footer_bytes"": 24}",11.3636363636,47.619047619
alternating-00-01,1000,bzip2,41,212,26.5,116,14.5,True,d840c4f53ce2d6a9c200cf705914730eea287e9022718efb568507cf3333f75e,a397a563ae79e726a32a764b5336d80c7b7f34c8e721acdd429c328a739a0779,"{""payload_definition"": ""compressed block stream between BZh header and EOS marker"", ""stream_header_bits"": 32, ""stream_trailer_and_padding_bits"": 84}",24.3902439024,37.7358490566
alternating-00-01,1000,lzma,32,152,19,104,13,True,4ab394859813cb776380cd8dd04dd4341d0f36c13ea56374a8ebe390694ff19f,a397a563ae79e726a32a764b5336d80c7b7f34c8e721acdd429c328a739a0779,"{""header_bytes"": 13, ""payload_definition"": ""LZMA Compressed Data field""}",31.25,52.6315789474
alternating-00-01,1000,lz4,34,120,15,152,19,True,fe2263beb98d247707edf74645247fe37bf3271cabcdcfcf0c10e7788babd593,a397a563ae79e726a32a764b5336d80c7b7f34c8e721acdd429c328a739a0779,"{""block_checksum_bytes"": 0, ""block_count"": 1, ""block_size_headers_and_endmark_bytes"": 8, ""content_checksum_bytes"": 4, ""frame_header_bytes"": 7, ""payload_definition"": ""sum of LZ4 Data Block fields""}",29.4117647059,66.6666666667
alternating-00-01,1000,zstd,22,72,9,104,13,True,f7cc381779fa5d59d55478ce38d0717240a7110c7972fa6689769d3151920914,a397a563ae79e726a32a764b5336d80c7b7f34c8e721acdd429c328a739a0779,"{""block_count"": 1, ""block_header_bytes"": 3, ""content_checksum_bytes"": 4, ""frame_header_bytes"": 6, ""payload_definition"": ""sum of stored Zstandard Block_Content fields""}",45.4545454545,111.111111111
alternating-00-01,10000,gzip,45,216,27,144,18,True,a0ebbfd294de52c75e82931b5d94cf47d719bb3915dcdb03d65edef9e08f9049,e59fdd28f0002f60f10655da4064d901e835f5534859ea76fb06f981a2e251c1,"{""member_header_bytes"": 10, ""member_trailer_bytes"": 8, ""payload_definition"": ""raw DEFLATE stream""}",222.222222222,370.37037037
alternating-00-01,10000,xz,120,432,54,528,66,True,005117c63ffefd18c12f0ef6c2a496ac1011b5e7f8ed0e828f27c3a42a9ec5a0,e59fdd28f0002f60f10655da4064d901e835f5534859ea76fb06f981a2e251c1,"{""block_checks_bytes"": 8, ""block_count"": 1, ""block_header_bytes"": 20, ""block_padding_bytes"": 2, ""index_bytes"": 12, ""payload_definition"": ""XZ Compressed Data field(s), normally LZMA2"", ""stream_header_footer_bytes"": 24}",83.3333333333,185.185185185
alternating-00-01,10000,bzip2,42,220,27.5,116,14.5,True,f6ed7f75b7c5601a6de5deb39658d6bb2a9d97354a8e8fbb8c9a80752fe9ce9f,e59fdd28f0002f60f10655da4064d901e835f5534859ea76fb06f981a2e251c1,"{""payload_definition"": ""compressed block stream between BZh header and EOS marker"", ""stream_header_bits"": 32, ""stream_trailer_and_padding_bits"": 84}",238.095238095,363.636363636
alternating-00-01,10000,lzma,65,416,52,104,13,True,81164f2d6515f9a420c78350fc975e69d5c45aa9f76446a5159c4550e8c5641c,e59fdd28f0002f60f10655da4064d901e835f5534859ea76fb06f981a2e251c1,"{""header_bytes"": 13, ""payload_definition"": ""LZMA Compressed Data field""}",153.846153846,192.307692308
alternating-00-01,10000,lz4,70,408,51,152,19,True,9f07e04f8cfe02fee992b3984854847b6861e813c80053b6e75afe6d2d593ad2,e59fdd28f0002f60f10655da4064d901e835f5534859ea76fb06f981a2e251c1,"{""block_checksum_bytes"": 0, ""block_count"": 1, ""block_size_headers_and_endmark_bytes"": 8, ""content_checksum_bytes"": 4, ""frame_header_bytes"": 7, ""payload_definition"": ""sum of LZ4 Data Block fields""}",142.857142857,196.078431373
alternating-00-01,10000,zstd,23,80,10,104,13,True,8e7215a6854ddc153bf81bb1b9d35e06bf84ff68f4ac2220acc2f6514d170005,e59fdd28f0002f60f10655da4064d901e835f5534859ea76fb06f981a2e251c1,"{""block_count"": 1, ""block_header_bytes"": 3, ""content_checksum_bytes"": 4, ""frame_header_bytes"": 6, ""payload_definition"": ""sum of stored Zstandard Block_Content fields""}",434.782608696,1000
alternating-00-01,100000,gzip,133,920,115,144,18,True,94d4f647a6fa82a29effb18a907a609aac614bbb516e9108c948a2084109a32f,b727cad0bd1f37c227110bdedb465d1fa50aaaaf0655037dd4df1340f4e991fc,"{""member_header_bytes"": 10, ""member_trailer_bytes"": 8, ""payload_definition"": ""raw DEFLATE stream""}",751.879699248,869.565217391
alternating-00-01,100000,xz,160,752,94,528,66,True,fc2d4cf29957f500b451da9b3981c447f2e38e9dce595560e785749b331f720c,b727cad0bd1f37c227110bdedb465d1fa50aaaaf0655037dd4df1340f4e991fc,"{""block_checks_bytes"": 8, ""block_count"": 1, ""block_header_bytes"": 20, ""block_padding_bytes"": 2, ""index_bytes"": 12, ""payload_definition"": ""XZ Compressed Data field(s), normally LZMA2"", ""stream_header_footer_bytes"": 24}",625,1063.82978723
alternating-00-01,100000,bzip2,43,228,28.5,116,14.5,True,2f69b3276feb4ff18d06947d2d50540ee129130e35be1dc7d2c462c28f5bdc12,b727cad0bd1f37c227110bdedb465d1fa50aaaaf0655037dd4df1340f4e991fc,"{""payload_definition"": ""compressed block stream between BZh header and EOS marker"", ""stream_header_bits"": 32, ""stream_trailer_and_padding_bits"": 84}",2325.58139535,3508.77192982
alternating-00-01,100000,lzma,106,744,93,104,13,True,ccb0da1cb4e61236cb59fb43abff73a35c7f0fe16a07807f3ea87c838f2cfcfa,b727cad0bd1f37c227110bdedb465d1fa50aaaaf0655037dd4df1340f4e991fc,"{""header_bytes"": 13, ""payload_definition"": ""LZMA Compressed Data field""}",943.396226415,1075.2688172
alternating-00-01,100000,lz4,423,3232,404,152,19,True,e1da987f4f48d302ef14f36503c42875cfc79044e597cd3cca1474ad55d192ee,b727cad0bd1f37c227110bdedb465d1fa50aaaaf0655037dd4df1340f4e991fc,"{""block_checksum_bytes"": 0, ""block_count"": 1, ""block_size_headers_and_endmark_bytes"": 8, ""content_checksum_bytes"": 4, ""frame_header_bytes"": 7, ""payload_definition"": ""sum of LZ4 Data Block fields""}",236.406619385,247.524752475
alternating-00-01,100000,zstd,23,80,10,104,13,True,5257aae24307a1bbe9ee8960f00ca77ea45968341ce71e38a4096f61050fb6d8,b727cad0bd1f37c227110bdedb465d1fa50aaaaf0655037dd4df1340f4e991fc,"{""block_count"": 1, ""block_header_bytes"": 3, ""content_checksum_bytes"": 4, ""frame_header_bytes"": 6, ""payload_definition"": ""sum of stored Zstandard Block_Content fields""}",4347.82608696,10000
alternating-00-01,1000000,gzip,1004,7888,986,144,18,True,8492ee078b07b57f15c306280109be68af7abe5ab317443604ba9881c6a4b271,2ba607832cf7dd10179fb3b0f1dbf99393e5d3a1f12c1752b07dd62c8ca2ebc3,"{""member_header_bytes"": 10, ""member_trailer_bytes"": 8, ""payload_definition"": ""raw DEFLATE stream""}",996.015936255,1014.19878296
alternating-00-01,1000000,xz,284,1760,220,512,64,True,e61e1b1ed00aaa33b7d3ec1d8442dadf631cab37f6a7ba3a8a72593d1f407104,2ba607832cf7dd10179fb3b0f1dbf99393e5d3a1f12c1752b07dd62c8ca2ebc3,"{""block_checks_bytes"": 8, ""block_count"": 1, ""block_header_bytes"": 20, ""block_padding_bytes"": 0, ""index_bytes"": 12, ""payload_definition"": ""XZ Compressed Data field(s), normally LZMA2"", ""stream_header_footer_bytes"": 24}",3521.12676056,4545.45454545
alternating-00-01,1000000,bzip2,73,470,58.75,114,14.25,True,22c4804fb25574817a6c570560601f819638f48484752a60c77ba90a7c0f9197,2ba607832cf7dd10179fb3b0f1dbf99393e5d3a1f12c1752b07dd62c8ca2ebc3,"{""payload_definition"": ""compressed block stream between BZh header and EOS marker"", ""stream_header_bits"": 32, ""stream_trailer_and_padding_bits"": 82}",13698.630137,17021.2765957
alternating-00-01,1000000,lzma,232,1752,219,104,13,True,891c296f94d795269cd35559d8079cfc22f803bb75245d00fc7c8e43efed2f35,2ba607832cf7dd10179fb3b0f1dbf99393e5d3a1f12c1752b07dd62c8ca2ebc3,"{""header_bytes"": 13, ""payload_definition"": ""LZMA Compressed Data field""}",4310.34482759,4566.21004566
alternating-00-01,1000000,lz4,3952,31464,3933,152,19,True,c31246df781a41bde6a2e8f0a97a85efb344e93af6b0fa30ceda108b08678ab2,2ba607832cf7dd10179fb3b0f1dbf99393e5d3a1f12c1752b07dd62c8ca2ebc3,"{""block_checksum_bytes"": 0, ""block_count"": 1, ""block_size_headers_and_endmark_bytes"": 8, ""content_checksum_bytes"": 4, ""frame_header_bytes"": 7, ""payload_definition"": ""sum of LZ4 Data Block fields""}",253.036437247,254.258835495
alternating-00-01,1000000,zstd,107,584,73,272,34,True,4195b322f9c1df2a696fd65f60d5259425042b09bab1ff3c8e33f076fc47027a,2ba607832cf7dd10179fb3b0f1dbf99393e5d3a1f12c1752b07dd62c8ca2ebc3,"{""block_count"": 8, ""block_header_bytes"": 24, ""content_checksum_bytes"": 4, ""frame_header_bytes"": 6, ""payload_definition"": ""sum of stored Zstandard Block_Content fields""}",9345.79439252,13698.630137
alternating-00-01,2000000,gzip,1973,15640,1955,144,18,True,cfe46c8c13995f002127c10bbae3ad98e18a9ec8ae554f34635ca8cc2dbf6d80,8acd71bcbc3e6b73c66726c3e6670eefd8a28d2bba715fb9a73d2fc35097fb30,"{""member_header_bytes"": 10, ""member_trailer_bytes"": 8, ""payload_definition"": ""raw DEFLATE stream""}",1013.68474404,1023.01790281
alternating-00-01,2000000,xz,428,2888,361,536,67,True,3d7d051251fbaafed0acc74ad8ccf5cc50eba899e61f08f911db4764f491beda,8acd71bcbc3e6b73c66726c3e6670eefd8a28d2bba715fb9a73d2fc35097fb30,"{""block_checks_bytes"": 8, ""block_count"": 1, ""block_header_bytes"": 20, ""block_padding_bytes"": 3, ""index_bytes"": 12, ""payload_definition"": ""XZ Compressed Data field(s), normally LZMA2"", ""stream_header_footer_bytes"": 24}",4672.89719626,5540.16620499
alternating-00-01,2000000,bzip2,104,716,89.5,116,14.5,True,1b234f9a9b3e11640e86c2e8d10b0e8704f02376de50152e30211054e7ab933a,8acd71bcbc3e6b73c66726c3e6670eefd8a28d2bba715fb9a73d2fc35097fb30,"{""payload_definition"": ""compressed block stream between BZh header and EOS marker"", ""stream_header_bits"": 32, ""stream_trailer_and_padding_bits"": 84}",19230.7692308,22346.3687151
alternating-00-01,2000000,lzma,372,2872,359,104,13,True,d6f562062d380fef1fc8877f1eba8299c5a0d4c62753ab2032d062cd9942ec7f,8acd71bcbc3e6b73c66726c3e6670eefd8a28d2bba715fb9a73d2fc35097fb30,"{""header_bytes"": 13, ""payload_definition"": ""LZMA Compressed Data field""}",5376.34408602,5571.03064067
alternating-00-01,2000000,lz4,7874,62840,7855,152,19,True,446481b584617760b9a1cf8f80a37727544700f0eb6878592bbd2f8990a99013,8acd71bcbc3e6b73c66726c3e6670eefd8a28d2bba715fb9a73d2fc35097fb30,"{""block_checksum_bytes"": 0, ""block_count"": 1, ""block_size_headers_and_endmark_bytes"": 8, ""content_checksum_bytes"": 4, ""frame_header_bytes"": 7, ""payload_definition"": ""sum of LZ4 Data Block fields""}",254.000508001,254.614894971
alternating-00-01,2000000,zstd,203,1160,145,464,58,True,4c746a509e1254fb4f13e8c7ad4561741f769e9c98f9775763243ff7a3c7a0fa,8acd71bcbc3e6b73c66726c3e6670eefd8a28d2bba715fb9a73d2fc35097fb30,"{""block_count"": 16, ""block_header_bytes"": 48, ""content_checksum_bytes"": 4, ""frame_header_bytes"": 6, ""payload_definition"": ""sum of stored Zstandard Block_Content fields""}",9852.21674877,13793.1034483
alternating-00-01,5000000,gzip,4894,39008,4876,144,18,True,0419b3e87dd15c3ec741d23e7a8b9ae0c5da2dbecebcfcb0fede80ea27ab629d,2f2e9a8bf9435af5ec21a159f10233e0da1767ed6c20c1eb4a91e48579ea0857,"{""member_header_bytes"": 10, ""member_trailer_bytes"": 8, ""payload_definition"": ""raw DEFLATE stream""}",1021.6591745,1025.43068089
alternating-00-01,5000000,xz,868,6424,803,520,65,True,d276ca8efe09ace0ed820b7a54e20f1eede5525d9a1dd7505516a85493d963ce,2f2e9a8bf9435af5ec21a159f10233e0da1767ed6c20c1eb4a91e48579ea0857,"{""block_checks_bytes"": 8, ""block_count"": 1, ""block_header_bytes"": 20, ""block_padding_bytes"": 1, ""index_bytes"": 12, ""payload_definition"": ""XZ Compressed Data field(s), normally LZMA2"", ""stream_header_footer_bytes"": 24}",5760.36866359,6226.65006227
alternating-00-01,5000000,bzip2,194,1436,179.5,116,14.5,True,a3bf0f955efe49e62309b2b95f5c5139a8866624363b3421766f49264a4381a9,2f2e9a8bf9435af5ec21a159f10233e0da1767ed6c20c1eb4a91e48579ea0857,"{""payload_definition"": ""compressed block stream between BZh header and EOS marker"", ""stream_header_bits"": 32, ""stream_trailer_and_padding_bits"": 84}",25773.1958763,27855.1532033
alternating-00-01,5000000,lzma,797,6272,784,104,13,True,2ed1056df996aa4a5dacfcc56a0614a120dabe991a9a5665546fc6c07e79fcf1,2f2e9a8bf9435af5ec21a159f10233e0da1767ed6c20c1eb4a91e48579ea0857,"{""header_bytes"": 13, ""payload_definition"": ""LZMA Compressed Data field""}",6273.52572146,6377.55102041
alternating-00-01,5000000,lz4,19654,157048,19631,184,23,True,033588394061f7fb3768b81b580de271bcdaba5f44ffac3178184f91c5af875f,2f2e9a8bf9435af5ec21a159f10233e0da1767ed6c20c1eb4a91e48579ea0857,"{""block_checksum_bytes"": 0, ""block_count"": 2, ""block_size_headers_and_endmark_bytes"": 12, ""content_checksum_bytes"": 4, ""frame_header_bytes"": 7, ""payload_definition"": ""sum of LZ4 Data Block fields""}",254.401139717,254.699200245
alternating-00-01,5000000,zstd,478,2808,351,1016,127,True,3d2f0ce9884d03b0978183570f2610863917b38424881f3addb14c75cd27fba6,2f2e9a8bf9435af5ec21a159f10233e0da1767ed6c20c1eb4a91e48579ea0857,"{""block_count"": 39, ""block_header_bytes"": 117, ""content_checksum_bytes"": 4, ""frame_header_bytes"": 6, ""payload_definition"": ""sum of stored Zstandard Block_Content fields""}",10460.251046,14245.014245
alternating-00-01,10000000,gzip,9752,77872,9734,144,18,True,5454a87996d3975bc99c9783116a73373895ed009671fb04837c3e8c2f82fd1a,984e63841dbaff4e382c7f31216597d1875339995072e8bcd436c66c67f51478,"{""member_header_bytes"": 10, ""member_trailer_bytes"": 8, ""payload_definition"": ""raw DEFLATE stream""}",1025.43068089,1027.32689542
alternating-00-01,10000000,xz,1592,12216,1527,520,65,True,1da75151cf22e4d639699425cac43d4c0dd136c5c2db8c3f37c8941333cd2824,984e63841dbaff4e382c7f31216597d1875339995072e8bcd436c66c67f51478,"{""block_checks_bytes"": 8, ""block_count"": 1, ""block_header_bytes"": 20, ""block_padding_bytes"": 1, ""index_bytes"": 12, ""payload_definition"": ""XZ Compressed Data field(s), normally LZMA2"", ""stream_header_footer_bytes"": 24}",6281.40703518,6548.78847413
alternating-00-01,10000000,bzip2,372,2864,358,112,14,True,a1d4e6694761594ec632d34c3fb675b2a4b91ab4d8ca3a51c16f73234c9238f9,984e63841dbaff4e382c7f31216597d1875339995072e8bcd436c66c67f51478,"{""payload_definition"": ""compressed block stream between BZh header and EOS marker"", ""stream_header_bits"": 32, ""stream_trailer_and_padding_bits"": 80}",26881.7204301,27932.9608939
alternating-00-01,10000000,lzma,1502,11912,1489,104,13,True,4674f32d82ff2a65fb72cc89570a165e6374c01894ee3e2999776b04fc771edc,984e63841dbaff4e382c7f31216597d1875339995072e8bcd436c66c67f51478,"{""header_bytes"": 13, ""payload_definition"": ""LZMA Compressed Data field""}",6657.78961385,6715.91672263
alternating-00-01,10000000,lz4,39278,314008,39251,216,27,True,91810149e4ed61113fa520ac4b559ee19936f55cd97beb0840a085a358368ac3,984e63841dbaff4e382c7f31216597d1875339995072e8bcd436c66c67f51478,"{""block_checksum_bytes"": 0, ""block_count"": 3, ""block_size_headers_and_endmark_bytes"": 16, ""content_checksum_bytes"": 4, ""frame_header_bytes"": 7, ""payload_definition"": ""sum of LZ4 Data Block fields""}",254.595447833,254.770579094
alternating-00-01,10000000,zstd,934,5544,693,1928,241,True,bf24688bc3b2a6d661aca0f7b496c8a6cfc1ec98d5af03c8b7549acb5f7e8a1b,984e63841dbaff4e382c7f31216597d1875339995072e8bcd436c66c67f51478,"{""block_count"": 77, ""block_header_bytes"": 231, ""content_checksum_bytes"": 4, ""frame_header_bytes"": 6, ""payload_definition"": ""sum of stored Zstandard Block_Content fields""}",10706.6381156,14430.01443
alternating-00-01,20000000,gzip,19469,155608,19451,144,18,True,ecb44a38c94a53adf982809d7f8a56532c2b94cab5332bf7e557c243005a7218,763bd55daf407cf31fb1eb49b0f7556b7c18aa9371cdfab01ac1742deab8ec0d,"{""member_header_bytes"": 10, ""member_trailer_bytes"": 8, ""payload_definition"": ""raw DEFLATE stream""}",1027.2741281,1028.22476993
alternating-00-01,20000000,xz,3048,23872,2984,512,64,True,101023c85d32c76b1b0e856b4f5a5d9927beb43abf23b1dd7fc4831e7afa47cc,763bd55daf407cf31fb1eb49b0f7556b7c18aa9371cdfab01ac1742deab8ec0d,"{""block_checks_bytes"": 8, ""block_count"": 1, ""block_header_bytes"": 20, ""block_padding_bytes"": 0, ""index_bytes"": 12, ""payload_definition"": ""XZ Compressed Data field(s), normally LZMA2"", ""stream_header_footer_bytes"": 24}",6561.67979003,6702.41286863
alternating-00-01,20000000,bzip2,701,5496,687,112,14,True,fa4b357fe538c970529eb66cde4b3083fd7c80272ce66c9a8733b0219b2c18c9,763bd55daf407cf31fb1eb49b0f7556b7c18aa9371cdfab01ac1742deab8ec0d,"{""payload_definition"": ""compressed block stream between BZh header and EOS marker"", ""stream_header_bits"": 32, ""stream_trailer_and_padding_bits"": 80}",28530.6704708,29112.0815138
alternating-00-01,20000000,lzma,2913,23200,2900,104,13,True,a91b1c5a043a74213f9df79eb7c0ecbe835aa2df37d069cbb305ddd1a79dbc11,763bd55daf407cf31fb1eb49b0f7556b7c18aa9371cdfab01ac1742deab8ec0d,"{""header_bytes"": 13, ""payload_definition"": ""LZMA Compressed Data field""}",6865.77411603,6896.55172414
alternating-00-01,20000000,lz4,78525,627920,78490,280,35,True,e9373fa92ba962a1bdf8d4c58efd2789d5807f12d7128e9866f397a79a01e65e,763bd55daf407cf31fb1eb49b0f7556b7c18aa9371cdfab01ac1742deab8ec0d,"{""block_checksum_bytes"": 0, ""block_count"": 5, ""block_size_headers_and_endmark_bytes"": 24, ""content_checksum_bytes"": 4, ""frame_header_bytes"": 7, ""payload_definition"": ""sum of LZ4 Data Block fields""}",254.695956702,254.809529876
alternating-00-01,20000000,zstd,1845,11008,1376,3752,469,True,244bfb965fc8fca5b3cc9071d7b30cf481430d39abe3a7602fcc977fee18c0ba,763bd55daf407cf31fb1eb49b0f7556b7c18aa9371cdfab01ac1742deab8ec0d,"{""block_count"": 153, ""block_header_bytes"": 459, ""content_checksum_bytes"": 4, ""frame_header_bytes"": 6, ""payload_definition"": ""sum of stored Zstandard Block_Content fields""}",10840.1084011,14534.8837209
alternating-00-01,50000000,gzip,48630,388896,48612,144,18,True,5213af31ac0172865e17a1c9e8f2ad75cb655fe08bdc73e849f72c4590848fe9,75333bff007efbca0dddceda1774e99bd57b2e420e60ae4bd3d69f3d05452539,"{""member_header_bytes"": 10, ""member_trailer_bytes"": 8, ""payload_definition"": ""raw DEFLATE stream""}",1028.17191034,1028.55262075
alternating-00-01,50000000,xz,7528,59400,7425,824,103,True,bee202e99de61755bdd87eb69fd1c3a8edc52816adb9afa0b5fe665c3e81b624,75333bff007efbca0dddceda1774e99bd57b2e420e60ae4bd3d69f3d05452539,"{""block_checks_bytes"": 16, ""block_count"": 2, ""block_header_bytes"": 40, ""block_padding_bytes"": 3, ""index_bytes"": 20, ""payload_definition"": ""XZ Compressed Data field(s), normally LZMA2"", ""stream_header_footer_bytes"": 24}",6641.87035069,6734.00673401
alternating-00-01,50000000,bzip2,1687,13384,1673,112,14,True,e7d8b2f17e969585ad7c684bf170fdb2534c7d3d5ce0360319ac7fac92e067c4,75333bff007efbca0dddceda1774e99bd57b2e420e60ae4bd3d69f3d05452539,"{""payload_definition"": ""compressed block stream between BZh header and EOS marker"", ""stream_header_bits"": 32, ""stream_trailer_and_padding_bits"": 80}",29638.4113811,29886.4315601
alternating-00-01,50000000,lzma,7145,57056,7132,104,13,True,d06f941de4b5a71ace1fa752f458cb7fad2a4057dbe1461ed055c308f5b1db02,75333bff007efbca0dddceda1774e99bd57b2e420e60ae4bd3d69f3d05452539,"{""header_bytes"": 13, ""payload_definition"": ""LZMA Compressed Data field""}",6997.90062981,7010.65619742
alternating-00-01,50000000,lz4,196282,1569752,196219,504,63,True,74948e32849cd3d84f4109a8f41e28b0589e372de5645e4136ebe73ce62dcc20,75333bff007efbca0dddceda1774e99bd57b2e420e60ae4bd3d69f3d05452539,"{""block_checksum_bytes"": 0, ""block_count"": 12, ""block_size_headers_and_endmark_bytes"": 52, ""content_checksum_bytes"": 4, ""frame_header_bytes"": 7, ""payload_definition"": ""sum of LZ4 Data Block fields""}",254.735533569,254.817321462
alternating-00-01,50000000,zstd,4590,27472,3434,9248,1156,True,2d7c4927a72502f8c57614cf27cd7b2de619972d67b3849cf8015c6d72d52b3c,75333bff007efbca0dddceda1774e99bd57b2e420e60ae4bd3d69f3d05452539,"{""block_count"": 382, ""block_header_bytes"": 1146, ""content_checksum_bytes"": 4, ""frame_header_bytes"": 6, ""payload_definition"": ""sum of stored Zstandard Block_Content fields""}",10893.2461874,14560.2795574
alternating-00-01,100000000,gzip,97237,777752,97219,144,18,True,4fb35d712fb7e838ddfb81a96f1452c99edfe27e4c22c7b0a14a33ac309c7ad1,8d82a1375408852a91bc9045a9268d49e85c1124c01400a72aad1a5a4ac669cc,"{""member_header_bytes"": 10, ""member_trailer_bytes"": 8, ""payload_definition"": ""raw DEFLATE stream""}",1028.41510947,1028.6055195
alternating-00-01,100000000,xz,15040,118888,14861,1432,179,True,dd78b028e9edb08faae02aec7ed8f6d32214a0aaf916c26b162a42994148ba8f,8d82a1375408852a91bc9045a9268d49e85c1124c01400a72aad1a5a4ac669cc,"{""block_checks_bytes"": 32, ""block_count"": 4, ""block_header_bytes"": 80, ""block_padding_bytes"": 11, ""index_bytes"": 32, ""payload_definition"": ""XZ Compressed Data field(s), normally LZMA2"", ""stream_header_footer_bytes"": 24}",6648.93617021,6729.02227306
alternating-00-01,100000000,bzip2,3359,26760,3345,112,14,True,5ca003bd0f6764291a5cb18cf579c0bc28ef2bb21e7743fe379433dcea5bcb2a,8d82a1375408852a91bc9045a9268d49e85c1124c01400a72aad1a5a4ac669cc,"{""payload_definition"": ""compressed block stream between BZh header and EOS marker"", ""stream_header_bits"": 32, ""stream_trailer_and_padding_bits"": 80}",29770.7651087,29895.3662182
alternating-00-01,100000000,lzma,14198,113480,14185,104,13,True,0860403c6cb04fff36d71a8696a50397340c33beaf980b2572a3f6bd4d9dab43,8d82a1375408852a91bc9045a9268d49e85c1124c01400a72aad1a5a4ac669cc,"{""header_bytes"": 13, ""payload_definition"": ""LZMA Compressed Data field""}",7043.24552754,7049.70038773
alternating-00-01,100000000,lz4,392549,3139504,392438,888,111,True,19d00e565ce9e946435e61d4c4b8b16d2364e2baa09858bf6a3d06a6fc1311bd,8d82a1375408852a91bc9045a9268d49e85c1124c01400a72aad1a5a4ac669cc,"{""block_checksum_bytes"": 0, ""block_count"": 24, ""block_size_headers_and_endmark_bytes"": 100, ""content_checksum_bytes"": 4, ""frame_header_bytes"": 7, ""payload_definition"": ""sum of LZ4 Data Block fields""}",254.74526747,254.817321462
alternating-00-01,100000000,zstd,9156,54856,6857,18392,2299,True,5756840b1267afaf787ba9c0a666636feaa8ec9798216da733a9edbbb561843a,8d82a1375408852a91bc9045a9268d49e85c1124c01400a72aad1a5a4ac669cc,"{""block_count"": 763, ""block_header_bytes"": 2289, ""content_checksum_bytes"": 4, ""frame_header_bytes"": 6, ""payload_definition"": ""sum of stored Zstandard Block_Content fields""}",10921.7999126,14583.6371591
alternating-00-01,200000000,gzip,194451,1555464,194433,144,18,True,9379fa83b1062ce4e991db1f905d995f6a30f62248bca19157deed7207eee7c6,7058df4ec64aaaa98ec40708689c78e6cfca1770effce2f5c37e38fffdc04808,"{""member_header_bytes"": 10, ""member_trailer_bytes"": 8, ""payload_definition"": ""raw DEFLATE stream""}",1028.53675219,1028.63197091
alternating-00-01,200000000,xz,30056,237848,29731,2600,325,True,87d4d480252d22fdc34bb3c51409321351506a17f9d69d56610e00bd0c51a218,7058df4ec64aaaa98ec40708689c78e6cfca1770effce2f5c37e38fffdc04808,"{""block_checks_bytes"": 64, ""block_count"": 8, ""block_header_bytes"": 160, ""block_padding_bytes"": 21, ""index_bytes"": 56, ""payload_definition"": ""XZ Compressed Data field(s), normally LZMA2"", ""stream_header_footer_bytes"": 24}",6654.24540857,6726.98530154
alternating-00-01,200000000,bzip2,6676,53292,6661.5,116,14.5,True,55b651c1e60e28744cf074bbac87c41ad281ec60bfde849ea00d45f54b68b2cd,7058df4ec64aaaa98ec40708689c78e6cfca1770effce2f5c37e38fffdc04808,"{""payload_definition"": ""compressed block stream between BZh header and EOS marker"", ""stream_header_bits"": 32, ""stream_trailer_and_padding_bits"": 84}",29958.0587178,30023.2680327
alternating-00-01,200000000,lzma,28304,226328,28291,104,13,True,30455ec572ef634981f17804682e54f9773779004b620a3a5b40ff56af41bed7,7058df4ec64aaaa98ec40708689c78e6cfca1770effce2f5c37e38fffdc04808,"{""header_bytes"": 13, ""payload_definition"": ""LZMA Compressed Data field""}",7066.13906162,7069.38602382
alternating-00-01,200000000,lz4,785084,6279016,784877,1656,207,True,4d7e856f231e5003bc48c9e482c52836c1a1f84e007dbd6c04ec89c7f2c197b8,7058df4ec64aaaa98ec40708689c78e6cfca1770effce2f5c37e38fffdc04808,"{""block_checksum_bytes"": 0, ""block_count"": 48, ""block_size_headers_and_endmark_bytes"": 196, ""content_checksum_bytes"": 4, ""frame_header_bytes"": 7, ""payload_definition"": ""sum of LZ4 Data Block fields""}",254.749810211,254.816996803
alternating-00-01,200000000,zstd,18300,109696,13712,36704,4588,True,0dad56d9a5113d42f17875d32e9655a54a73dc5cfc0fab9349db15a9b1b7debf,7058df4ec64aaaa98ec40708689c78e6cfca1770effce2f5c37e38fffdc04808,"{""block_count"": 1526, ""block_header_bytes"": 4578, ""content_checksum_bytes"": 4, ""frame_header_bytes"": 6, ""payload_definition"": ""sum of stored Zstandard Block_Content fields""}",10928.9617486,14585.764294
alternating-00-01,500000000,gzip,486081,3888504,486063,144,18,True,4d4cbe92303f050d2721977df555e904929b96584c9e4af8ee55fe8863619eff,de0ace36626ad954caed6c08de69f160ab4ca6e560847c227dce5b8550ca5133,"{""member_header_bytes"": 10, ""member_trailer_bytes"": 8, ""payload_definition"": ""raw DEFLATE stream""}",1028.63514517,1028.67323783
alternating-00-01,500000000,xz,75104,594664,74333,6168,771,True,65b6e3770f2cf05a4e1f8280c4a1f7d81bad9362b6844b61d520aa7bd526fb72,de0ace36626ad954caed6c08de69f160ab4ca6e560847c227dce5b8550ca5133,"{""block_checks_bytes"": 160, ""block_count"": 20, ""block_header_bytes"": 400, ""block_padding_bytes"": 59, ""index_bytes"": 128, ""payload_definition"": ""XZ Compressed Data field(s), normally LZMA2"", ""stream_header_footer_bytes"": 24}",6657.43502343,6726.48756272
alternating-00-01,500000000,bzip2,16625,132886,16610.75,114,14.25,True,022852494fee958cdde45065c9f3358fca9e3e380f9abfea3a57ccc674aab61b,de0ace36626ad954caed6c08de69f160ab4ca6e560847c227dce5b8550ca5133,"{""payload_definition"": ""compressed block stream between BZh header and EOS marker"", ""stream_header_bits"": 32, ""stream_trailer_and_padding_bits"": 82}",30075.1879699,30100.9888175
alternating-00-01,500000000,lzma,70622,564872,70609,104,13,True,9d77330c19a0c4381748a0c96092f7467944e1f7ab7de629f92da7ccda3d82bf,de0ace36626ad954caed6c08de69f160ab4ca6e560847c227dce5b8550ca5133,"{""header_bytes"": 13, ""payload_definition"": ""LZMA Compressed Data field""}",7079.9467588,7081.25026555
alternating-00-01,500000000,lz4,1962689,15697552,1962194,3960,495,True,d977378fc8f0d73d38c304300cfb3db1140fabef3ab43bfcf9cd82a415c1a817,de0ace36626ad954caed6c08de69f160ab4ca6e560847c227dce5b8550ca5133,"{""block_checksum_bytes"": 0, ""block_count"": 120, ""block_size_headers_and_endmark_bytes"": 484, ""content_checksum_bytes"": 4, ""frame_header_bytes"": 7, ""payload_definition"": ""sum of LZ4 Data Block fields""}",254.752535934,254.816802008
alternating-00-01,500000000,zstd,45732,274216,34277,91640,11455,True,5758382757b518324fe5e7f35870f6c5dc411d81464be7091c96714e651242dd,de0ace36626ad954caed6c08de69f160ab4ca6e560847c227dce5b8550ca5133,"{""block_count"": 3815, ""block_header_bytes"": 11445, ""content_checksum_bytes"": 4, ""frame_header_bytes"": 6, ""payload_definition"": ""sum of stored Zstandard Block_Content fields""}",10933.2633604,14587.0408729
alternating-00-01,1000000000,gzip,972125,7776856,972107,144,18,True,fb53b7fa8ff6ea8f741f46385d6e778b0996c0fc8a0a9f29c8a248a59d478557,18e0e353a81d1702d371797eb55ad836531a26c5fe4099f019b5e2b990c4d63f,"{""member_header_bytes"": 10, ""member_trailer_bytes"": 8, ""payload_definition"": ""raw DEFLATE stream""}",1028.674296,1028.69334343
alternating-00-01,1000000000,xz,150176,1189336,148667,12072,1509,True,fb0b96590c655f4f485128d0171f715d0df4a1e08e05bfce08ee0983512ad973,18e0e353a81d1702d371797eb55ad836531a26c5fe4099f019b5e2b990c4d63f,"{""block_checks_bytes"": 320, ""block_count"": 40, ""block_header_bytes"": 800, ""block_padding_bytes"": 117, ""index_bytes"": 248, ""payload_definition"": ""XZ Compressed Data field(s), normally LZMA2"", ""stream_header_footer_bytes"": 24}",6658.85361176,6726.44231739
alternating-00-01,1000000000,bzip2,33235,265764,33220.5,116,14.5,True,5f91be01ddb2eb7130c7502b08352e97722f26c6dd8f653c369ae5285acbe1b3,18e0e353a81d1702d371797eb55ad836531a26c5fe4099f019b5e2b990c4d63f,"{""payload_definition"": ""compressed block stream between BZh header and EOS marker"", ""stream_header_bits"": 32, ""stream_trailer_and_padding_bits"": 84}",30088.7618474,30101.8949143
alternating-00-01,1000000000,lzma,141153,1129120,141140,104,13,True,c76f64f1b01bd161bb51b51f8b2c242c7c949d6444463d4db989cb44bf366ded,18e0e353a81d1702d371797eb55ad836531a26c5fe4099f019b5e2b990c4d63f,"{""header_bytes"": 13, ""payload_definition"": ""LZMA Compressed Data field""}",7084.51113331,7085.16366728
alternating-00-01,1000000000,lz4,3925347,31395008,3924376,7768,971,True,4990561943d325737c5c1e2ae653795fab5236c604211b04b939db400b1990f7,18e0e353a81d1702d371797eb55ad836531a26c5fe4099f019b5e2b990c4d63f,"{""block_checksum_bytes"": 0, ""block_count"": 239, ""block_size_headers_and_endmark_bytes"": 960, ""content_checksum_bytes"": 4, ""frame_header_bytes"": 7, ""payload_definition"": ""sum of LZ4 Data Block fields""}",254.754547814,254.81758119
alternating-00-01,1000000000,zstd,91452,548416,68552,183200,22900,True,f2034beaf00978b6d6a4d24bfdddf73669fcb7087cc5b5ca7de57bca0517e1ac,18e0e353a81d1702d371797eb55ad836531a26c5fe4099f019b5e2b990c4d63f,"{""block_count"": 7630, ""block_header_bytes"": 22890, ""content_checksum_bytes"": 4, ""frame_header_bytes"": 6, ""payload_definition"": ""sum of stored Zstandard Block_Content fields""}",10934.6979836,14587.4664488
period-6-010111,1,gzip,21,24,3,144,18,True,8ea776040e798cccdd5f0ffedc911b2e95ed69633fad99ef56c8fbb0d2096df3,6e340b9cffb37a989ca544e6bb780a2c78901d3fb33738768511a30617afa01d,"{""member_header_bytes"": 10, ""member_trailer_bytes"": 8, ""payload_definition"": ""raw DEFLATE stream""}",0.047619047619,0.333333333333
period-6-010111,1,xz,68,40,5,504,63,True,5253e41cec3eef76836fdddde823879c9826f25405ab0a5185bbcebf9522db63,6e340b9cffb37a989ca544e6bb780a2c78901d3fb33738768511a30617afa01d,"{""block_checks_bytes"": 8, ""block_count"": 1, ""block_header_bytes"": 20, ""block_padding_bytes"": 3, ""index_bytes"": 8, ""payload_definition"": ""XZ Compressed Data field(s), normally LZMA2"", ""stream_header_footer_bytes"": 24}",0.0147058823529,0.2
period-6-010111,1,bzip2,37,179,22.375,117,14.625,True,c2c3bdc75da097685d23b36b9921ee973874b97cf0d30988c0a2f251a8d8f3eb,6e340b9cffb37a989ca544e6bb780a2c78901d3fb33738768511a30617afa01d,"{""payload_definition"": ""compressed block stream between BZh header and EOS marker"", ""stream_header_bits"": 32, ""stream_trailer_and_padding_bits"": 85}",0.027027027027,0.0446927374302
period-6-010111,1,lzma,24,88,11,104,13,True,b160b8e9471dd24106f78ba88503b47bd3e9de1ee5fde2330b31a4b6909bdcbd,6e340b9cffb37a989ca544e6bb780a2c78901d3fb33738768511a30617afa01d,"{""header_bytes"": 13, ""payload_definition"": ""LZMA Compressed Data field""}",0.0416666666667,0.0909090909091
period-6-010111,1,lz4,20,8,1,152,19,True,82e6b55ecc1878ce4bc090696160270605924575fff8efabcf708c0d8f52d391,6e340b9cffb37a989ca544e6bb780a2c78901d3fb33738768511a30617afa01d,"{""block_checksum_bytes"": 0, ""block_count"": 1, ""block_size_headers_and_endmark_bytes"": 8, ""content_checksum_bytes"": 4, ""frame_header_bytes"": 7, ""payload_definition"": ""sum of LZ4 Data Block fields""}",0.05,1
period-6-010111,1,zstd,14,8,1,104,13,True,e480e24e0b80f98f114f6be716fe41308497347047a8a08844dbc19039805117,6e340b9cffb37a989ca544e6bb780a2c78901d3fb33738768511a30617afa01d,"{""block_count"": 1, ""block_header_bytes"": 3, ""content_checksum_bytes"": 4, ""frame_header_bytes"": 6, ""payload_definition"": ""sum of stored Zstandard Block_Content fields""}",0.0714285714286,1
period-6-010111,10,gzip,28,80,10,144,18,True,1f1ffa01617d99e330708f7298def6bae65fe07078e83c96021bba1a84b05619,53a148a0edfe45842410d139c215e18d19e965bad271c1fc2d724132041da5a5,"{""member_header_bytes"": 10, ""member_trailer_bytes"": 8, ""payload_definition"": ""raw DEFLATE stream""}",0.357142857143,1
period-6-010111,10,xz,76,112,14,496,62,True,bc3df35c68bacdec8f55bd0793c9d5d2994a07381741407c45e0ef8cd64ed706,53a148a0edfe45842410d139c215e18d19e965bad271c1fc2d724132041da5a5,"{""block_checks_bytes"": 8, ""block_count"": 1, ""block_header_bytes"": 20, ""block_padding_bytes"": 2, ""index_bytes"": 8, ""payload_definition"": ""XZ Compressed Data field(s), normally LZMA2"", ""stream_header_footer_bytes"": 24}",0.131578947368,0.714285714286
period-6-010111,10,bzip2,39,197,24.625,115,14.375,True,4ba483a7effdd7cd2a98614f250a39ee63f9da50325d4432f61aa7b65dbc2678,53a148a0edfe45842410d139c215e18d19e965bad271c1fc2d724132041da5a5,"{""payload_definition"": ""compressed block stream between BZh header and EOS marker"", ""stream_header_bits"": 32, ""stream_trailer_and_padding_bits"": 83}",0.25641025641,0.406091370558
period-6-010111,10,lzma,29,128,16,104,13,True,8ee0cdf4fd92c70933fb0bbd912e7b13034acfe848afa7d355854b3ed9fd4dbb,53a148a0edfe45842410d139c215e18d19e965bad271c1fc2d724132041da5a5,"{""header_bytes"": 13, ""payload_definition"": ""LZMA Compressed Data field""}",0.344827586207,0.625
period-6-010111,10,lz4,29,80,10,152,19,True,abdc2e1b66674730f6b9b82b363672627cd713269cf61e12314dc79bb1b1e009,53a148a0edfe45842410d139c215e18d19e965bad271c1fc2d724132041da5a5,"{""block_checksum_bytes"": 0, ""block_count"": 1, ""block_size_headers_and_endmark_bytes"": 8, ""content_checksum_bytes"": 4, ""frame_header_bytes"": 7, ""payload_definition"": ""sum of LZ4 Data Block fields""}",0.344827586207,1
period-6-010111,10,zstd,23,80,10,104,13,True,bf94c67f8453fe474a8b944efaf924b0270891e52aeaeba91551352957be30ee,53a148a0edfe45842410d139c215e18d19e965bad271c1fc2d724132041da5a5,"{""block_count"": 1, ""block_header_bytes"": 3, ""content_checksum_bytes"": 4, ""frame_header_bytes"": 6, ""payload_definition"": ""sum of stored Zstandard Block_Content fields""}",0.434782608696,1
period-6-010111,100,gzip,28,80,10,144,18,True,b305ece08ab20c034bd65b9ad5d6c1fcb0d39f656d06aaf01314f44cb83bd267,860c77be8591636cbfdd56afad19e8aeecec91d6a6ed7ad0a9ed129e005e5d39,"{""member_header_bytes"": 10, ""member_trailer_bytes"": 8, ""payload_definition"": ""raw DEFLATE stream""}",3.57142857143,10
period-6-010111,100,xz,80,152,19,488,61,True,2b64151ad98a6bc118248cdc8042e06d5e9ad7f250252eb3de7a89b4dd9b2f1c,860c77be8591636cbfdd56afad19e8aeecec91d6a6ed7ad0a9ed129e005e5d39,"{""block_checks_bytes"": 8, ""block_count"": 1, ""block_header_bytes"": 20, ""block_padding_bytes"": 1, ""index_bytes"": 8, ""payload_definition"": ""XZ Compressed Data field(s), normally LZMA2"", ""stream_header_footer_bytes"": 24}",1.25,5.26315789474
period-6-010111,100,bzip2,43,230,28.75,114,14.25,True,403d16598694efc3aee089f1cfff32b6fe6db0137ea3bb77c26a532162ade45a,860c77be8591636cbfdd56afad19e8aeecec91d6a6ed7ad0a9ed129e005e5d39,"{""payload_definition"": ""compressed block stream between BZh header and EOS marker"", ""stream_header_bits"": 32, ""stream_trailer_and_padding_bits"": 82}",2.32558139535,3.47826086957
period-6-010111,100,lzma,30,136,17,104,13,True,1601a576143c339132c1ed4a94fbff064328803848351a35f4543ce3c18f8fdc,860c77be8591636cbfdd56afad19e8aeecec91d6a6ed7ad0a9ed129e005e5d39,"{""header_bytes"": 13, ""payload_definition"": ""LZMA Compressed Data field""}",3.33333333333,5.88235294118
period-6-010111,100,lz4,35,128,16,152,19,True,129db47ebb2a9aa3298343fa946c34d93c582b4f2b8617fc9e05544e4ce50fbf,860c77be8591636cbfdd56afad19e8aeecec91d6a6ed7ad0a9ed129e005e5d39,"{""block_checksum_bytes"": 0, ""block_count"": 1, ""block_size_headers_and_endmark_bytes"": 8, ""content_checksum_bytes"": 4, ""frame_header_bytes"": 7, ""payload_definition"": ""sum of LZ4 Data Block fields""}",2.85714285714,6.25
period-6-010111,100,zstd,26,104,13,104,13,True,bbed249d46005fb7b57ddc67c4968a0233a7d9d5bb3cf54df612c424c3f06985,860c77be8591636cbfdd56afad19e8aeecec91d6a6ed7ad0a9ed129e005e5d39,"{""block_count"": 1, ""block_header_bytes"": 3, ""content_checksum_bytes"": 4, ""frame_header_bytes"": 6, ""payload_definition"": ""sum of stored Zstandard Block_Content fields""}",3.84615384615,7.69230769231
period-6-010111,1000,gzip,34,128,16,144,18,True,3f07b52b067c869a8a6b95834a0dc652c19bb8def46671836ac0709b59ecedb7,1373f38e8227625435c08d8adf6174b9d72759ff0b5483c7a20b2b9874697149,"{""member_header_bytes"": 10, ""member_trailer_bytes"": 8, ""payload_definition"": ""raw DEFLATE stream""}",29.4117647059,62.5
period-6-010111,1000,xz,88,192,24,512,64,True,e32afc866da8e4ebfcc83b8b030f3c14854efb37409cd542ab6bc8acb643dcec,1373f38e8227625435c08d8adf6174b9d72759ff0b5483c7a20b2b9874697149,"{""block_checks_bytes"": 8, ""block_count"": 1, ""block_header_bytes"": 20, ""block_padding_bytes"": 0, ""index_bytes"": 12, ""payload_definition"": ""XZ Compressed Data field(s), normally LZMA2"", ""stream_header_footer_bytes"": 24}",11.3636363636,41.6666666667
period-6-010111,1000,bzip2,46,256,32,112,14,True,6291faa71055b339c61fd3cccf77073e967d272a64e1f827d37d6337d9b4bf0d,1373f38e8227625435c08d8adf6174b9d72759ff0b5483c7a20b2b9874697149,"{""payload_definition"": ""compressed block stream between BZh header and EOS marker"", ""stream_header_bits"": 32, ""stream_trailer_and_padding_bits"": 80}",21.7391304348,31.25
period-6-010111,1000,lzma,35,176,22,104,13,True,edb22cb040ef8126590a27a393436869f1b90fcbe58479d295aa11b02a569bb3,1373f38e8227625435c08d8adf6174b9d72759ff0b5483c7a20b2b9874697149,"{""header_bytes"": 13, ""payload_definition"": ""LZMA Compressed Data field""}",28.5714285714,45.4545454545
period-6-010111,1000,lz4,38,152,19,152,19,True,d866fabaf5f9b8b9eeac567a0da51fa7dbaa409f4575d5672033ee460695a335,1373f38e8227625435c08d8adf6174b9d72759ff0b5483c7a20b2b9874697149,"{""block_checksum_bytes"": 0, ""block_count"": 1, ""block_size_headers_and_endmark_bytes"": 8, ""content_checksum_bytes"": 4, ""frame_header_bytes"": 7, ""payload_definition"": ""sum of LZ4 Data Block fields""}",26.3157894737,52.6315789474
period-6-010111,1000,zstd,26,104,13,104,13,True,78f60b994de658b53192b114400840fa2beb2785eb87d113c4f175c16d01920e,1373f38e8227625435c08d8adf6174b9d72759ff0b5483c7a20b2b9874697149,"{""block_count"": 1, ""block_header_bytes"": 3, ""content_checksum_bytes"": 4, ""frame_header_bytes"": 6, ""payload_definition"": ""sum of stored Zstandard Block_Content fields""}",38.4615384615,76.9230769231
period-6-010111,10000,gzip,53,280,35,144,18,True,ecd999e21fe918e9a50a9a004893e1fc665d1f568fbc6c6435013e5db2845db4,011e883fe316ca4f5bc33411c269c63e5f91806e1050b6d5cd36e29f0f573239,"{""member_header_bytes"": 10, ""member_trailer_bytes"": 8, ""payload_definition"": ""raw DEFLATE stream""}",188.679245283,285.714285714
period-6-010111,10000,xz,124,456,57,536,67,True,0b303daabb9030f415f194ae4088e4adb0996c100ab1504fd9e74ad1f095bf53,011e883fe316ca4f5bc33411c269c63e5f91806e1050b6d5cd36e29f0f573239,"{""block_checks_bytes"": 8, ""block_count"": 1, ""block_header_bytes"": 20, ""block_padding_bytes"": 3, ""index_bytes"": 12, ""payload_definition"": ""XZ Compressed Data field(s), normally LZMA2"", ""stream_header_footer_bytes"": 24}",80.6451612903,175.438596491
period-6-010111,10000,bzip2,48,270,33.75,114,14.25,True,5792dc00ec3a91ef99e8d0959fc2b0ca340fb0d4569a2bbd4c7ef64b22e7fed1,011e883fe316ca4f5bc33411c269c63e5f91806e1050b6d5cd36e29f0f573239,"{""payload_definition"": ""compressed block stream between BZh header and EOS marker"", ""stream_header_bits"": 32, ""stream_trailer_and_padding_bits"": 82}",208.333333333,296.296296296
period-6-010111,10000,lzma,68,440,55,104,13,True,8eda9a49b6dbbb1f9b235a24ce0b282c1e68bf4c1cb2031df670374f899b225f,011e883fe316ca4f5bc33411c269c63e5f91806e1050b6d5cd36e29f0f573239,"{""header_bytes"": 13, ""payload_definition"": ""LZMA Compressed Data field""}",147.058823529,181.818181818
period-6-010111,10000,lz4,74,440,55,152,19,True,8208ec848e24832f4cd66cc18f455c2918f8d784fa8fb18545744767a197756f,011e883fe316ca4f5bc33411c269c63e5f91806e1050b6d5cd36e29f0f573239,"{""block_checksum_bytes"": 0, ""block_count"": 1, ""block_size_headers_and_endmark_bytes"": 8, ""content_checksum_bytes"": 4, ""frame_header_bytes"": 7, ""payload_definition"": ""sum of LZ4 Data Block fields""}",135.135135135,181.818181818
period-6-010111,10000,zstd,27,112,14,104,13,True,1040d0b9942fc1904aa2acf04fb2d4e7c54e6b8f1c18c046d9f31aa6a347fe81,011e883fe316ca4f5bc33411c269c63e5f91806e1050b6d5cd36e29f0f573239,"{""block_count"": 1, ""block_header_bytes"": 3, ""content_checksum_bytes"": 4, ""frame_header_bytes"": 6, ""payload_definition"": ""sum of stored Zstandard Block_Content fields""}",370.37037037,714.285714286
period-6-010111,100000,gzip,184,1328,166,144,18,True,cfdc784ce1bf3001b918ac652413899f5cf6cd318b2cc01d1b5262a2a15b3da1,7e17db06bb8e6237d74f014331250dcf825239af1529cabc933a9f1b8ee23c34,"{""member_header_bytes"": 10, ""member_trailer_bytes"": 8, ""payload_definition"": ""raw DEFLATE stream""}",543.47826087,602.409638554
period-6-010111,100000,xz,164,776,97,536,67,True,4e3e4067773b7b0bc605fac77c71138337068c3a2e1c3bbf5b57dbb82fe3d1ec,7e17db06bb8e6237d74f014331250dcf825239af1529cabc933a9f1b8ee23c34,"{""block_checks_bytes"": 8, ""block_count"": 1, ""block_header_bytes"": 20, ""block_padding_bytes"": 3, ""index_bytes"": 12, ""payload_definition"": ""XZ Compressed Data field(s), normally LZMA2"", ""stream_header_footer_bytes"": 24}",609.756097561,1030.92783505
period-6-010111,100000,bzip2,51,295,36.875,113,14.125,True,e84bae72a88f6a32c802f3c4df27be217c1bc4755a5a051cf0627e25e89241f3,7e17db06bb8e6237d74f014331250dcf825239af1529cabc933a9f1b8ee23c34,"{""payload_definition"": ""compressed block stream between BZh header and EOS marker"", ""stream_header_bits"": 32, ""stream_trailer_and_padding_bits"": 81}",1960.78431373,2711.86440678
period-6-010111,100000,lzma,108,760,95,104,13,True,981e8ce7bb36b1a7bbff0554fc4d5f487e2168f4a740c3e5222791481dbe89d4,7e17db06bb8e6237d74f014331250dcf825239af1529cabc933a9f1b8ee23c34,"{""header_bytes"": 13, ""payload_definition"": ""LZMA Compressed Data field""}",925.925925926,1052.63157895
period-6-010111,100000,lz4,427,3264,408,152,19,True,f1ce699e89557c3c27c03fceb530e868c6747ea11bb2392baeca4c645de70f94,7e17db06bb8e6237d74f014331250dcf825239af1529cabc933a9f1b8ee23c34,"{""block_checksum_bytes"": 0, ""block_count"": 1, ""block_size_headers_and_endmark_bytes"": 8, ""content_checksum_bytes"": 4, ""frame_header_bytes"": 7, ""payload_definition"": ""sum of LZ4 Data Block fields""}",234.192037471,245.098039216
period-6-010111,100000,zstd,27,112,14,104,13,True,47d31ce8482bf6a25a002a23205b0a0eba309b9ee1c23d595fb4b7376d6b969e,7e17db06bb8e6237d74f014331250dcf825239af1529cabc933a9f1b8ee23c34,"{""block_count"": 1, ""block_header_bytes"": 3, ""content_checksum_bytes"": 4, ""frame_header_bytes"": 6, ""payload_definition"": ""sum of stored Zstandard Block_Content fields""}",3703.7037037,7142.85714286
period-6-010111,1000000,gzip,1491,11784,1473,144,18,True,c02c92f740a332bc981352f089f668f46567ebe9831d69f28f9b50934b98d26d,0d877141844858e7bb414cb692e81126e92bde645cfbf0d739da51b5b40692c6,"{""member_header_bytes"": 10, ""member_trailer_bytes"": 8, ""payload_definition"": ""raw DEFLATE stream""}",670.690811536,678.886625933
period-6-010111,1000000,xz,288,1784,223,520,65,True,602167a6476cb6703d18a6c17c1a601f720175cf975e266dda58886e4ab3aa1e,0d877141844858e7bb414cb692e81126e92bde645cfbf0d739da51b5b40692c6,"{""block_checks_bytes"": 8, ""block_count"": 1, ""block_header_bytes"": 20, ""block_padding_bytes"": 1, ""index_bytes"": 12, ""payload_definition"": ""XZ Compressed Data field(s), normally LZMA2"", ""stream_header_footer_bytes"": 24}",3472.22222222,4484.30493274
period-6-010111,1000000,bzip2,89,593,74.125,119,14.875,True,60af2ded52336d08bfb5715000349c049d8103e6918cc047e0971c400feaa0b9,0d877141844858e7bb414cb692e81126e92bde645cfbf0d739da51b5b40692c6,"{""payload_definition"": ""compressed block stream between BZh header and EOS marker"", ""stream_header_bits"": 32, ""stream_trailer_and_padding_bits"": 87}",11235.9550562,13490.7251265
period-6-010111,1000000,lzma,235,1776,222,104,13,True,2319a6b55599bf368714d5b2dc762e61951731888deec6a09776f4d7ef349690,0d877141844858e7bb414cb692e81126e92bde645cfbf0d739da51b5b40692c6,"{""header_bytes"": 13, ""payload_definition"": ""LZMA Compressed Data field""}",4255.31914894,4504.5045045
period-6-010111,1000000,lz4,3956,31496,3937,152,19,True,3b8d489ee4a79454c04d63a57333833ad180ad6fa0007995c48b9edc68304017,0d877141844858e7bb414cb692e81126e92bde645cfbf0d739da51b5b40692c6,"{""block_checksum_bytes"": 0, ""block_count"": 1, ""block_size_headers_and_endmark_bytes"": 8, ""content_checksum_bytes"": 4, ""frame_header_bytes"": 7, ""payload_definition"": ""sum of LZ4 Data Block fields""}",252.780586451,254.000508001
period-6-010111,1000000,zstd,111,616,77,272,34,True,d95731dd1fc9310650e3a1cbabf63bedbfc372db254831a2e11c75fbdb9c9913,0d877141844858e7bb414cb692e81126e92bde645cfbf0d739da51b5b40692c6,"{""block_count"": 8, ""block_header_bytes"": 24, ""content_checksum_bytes"": 4, ""frame_header_bytes"": 6, ""payload_definition"": ""sum of stored Zstandard Block_Content fields""}",9009.00900901,12987.012987
period-6-010111,2000000,gzip,2945,23416,2927,144,18,True,e0db09598d210fbf77d16b11ab9fd8799b9421b556475c5f01da676845dfee48,a76576cfaf5453bdf881dd152baab5eee9de80d6688abafc366c8328e21a5df1,"{""member_header_bytes"": 10, ""member_trailer_bytes"": 8, ""payload_definition"": ""raw DEFLATE stream""}",679.117147708,683.293474547
period-6-010111,2000000,xz,428,2912,364,512,64,True,8c34d8e6232a1928d9b640b94b8049f5c27e4a34e462ad649b1e72c16a543a76,a76576cfaf5453bdf881dd152baab5eee9de80d6688abafc366c8328e21a5df1,"{""block_checks_bytes"": 8, ""block_count"": 1, ""block_header_bytes"": 20, ""block_padding_bytes"": 0, ""index_bytes"": 12, ""payload_definition"": ""XZ Compressed Data field(s), normally LZMA2"", ""stream_header_footer_bytes"": 24}",4672.89719626,5494.50549451
period-6-010111,2000000,bzip2,123,872,109,112,14,True,d0c255528bf00a1c46fb9e13f36c40db56a7244937f311a88b55dcdb8af0a2bd,a76576cfaf5453bdf881dd152baab5eee9de80d6688abafc366c8328e21a5df1,"{""payload_definition"": ""compressed block stream between BZh header and EOS marker"", ""stream_header_bits"": 32, ""stream_trailer_and_padding_bits"": 80}",16260.1626016,18348.6238532
period-6-010111,2000000,lzma,376,2904,363,104,13,True,3d186630faf8329ec876268a478df57833325dc1d7a9f71ea66b72f4d654a3cb,a76576cfaf5453bdf881dd152baab5eee9de80d6688abafc366c8328e21a5df1,"{""header_bytes"": 13, ""payload_definition"": ""LZMA Compressed Data field""}",5319.14893617,5509.64187328
period-6-010111,2000000,lz4,7878,62872,7859,152,19,True,40f7afe4292e6bd4a02ae56a569b7b3639cc4c0b24fc3ba0b08763868fc8971f,a76576cfaf5453bdf881dd152baab5eee9de80d6688abafc366c8328e21a5df1,"{""block_checksum_bytes"": 0, ""block_count"": 1, ""block_size_headers_and_endmark_bytes"": 8, ""content_checksum_bytes"": 4, ""frame_header_bytes"": 7, ""payload_definition"": ""sum of LZ4 Data Block fields""}",253.871541,254.485303474
period-6-010111,2000000,zstd,207,1192,149,464,58,True,89ffddf91225563ad0745171ccc07f8c44a9af949db318a13c5389475a382934,a76576cfaf5453bdf881dd152baab5eee9de80d6688abafc366c8328e21a5df1,"{""block_count"": 16, ""block_header_bytes"": 48, ""content_checksum_bytes"": 4, ""frame_header_bytes"": 6, ""payload_definition"": ""sum of stored Zstandard Block_Content fields""}",9661.83574879,13422.8187919
period-6-010111,5000000,gzip,7319,58408,7301,144,18,True,7cca7544abb34ea81dddb300347e046dd8cd4860cf4a8391a7919a3d950089e6,c8a04ad0f9036a7ea5a2b68891dc4b267cbe84db363e00577e723a6bd922807d,"{""member_header_bytes"": 10, ""member_trailer_bytes"": 8, ""payload_definition"": ""raw DEFLATE stream""}",683.153436262,684.837693467
period-6-010111,5000000,xz,872,6448,806,528,66,True,100bd3b8eb2f9eeac48e98756ffa49a30f9e599e17477453899a4d73e217b429,c8a04ad0f9036a7ea5a2b68891dc4b267cbe84db363e00577e723a6bd922807d,"{""block_checks_bytes"": 8, ""block_count"": 1, ""block_header_bytes"": 20, ""block_padding_bytes"": 2, ""index_bytes"": 12, ""payload_definition"": ""XZ Compressed Data field(s), normally LZMA2"", ""stream_header_footer_bytes"": 24}",5733.94495413,6203.47394541
period-6-010111,5000000,bzip2,235,1768,221,112,14,True,31bfcd14e0c1f486e0799b944e0b81ef5890bbe005a6cdba473d9e69aa82d447,c8a04ad0f9036a7ea5a2b68891dc4b267cbe84db363e00577e723a6bd922807d,"{""payload_definition"": ""compressed block stream between BZh header and EOS marker"", ""stream_header_bits"": 32, ""stream_trailer_and_padding_bits"": 80}",21276.5957447,22624.4343891
period-6-010111,5000000,lzma,799,6288,786,104,13,True,3714818a974ad659ed3be70d57ffd2a1a9187316ab82cc52511ff8d606b468d5,c8a04ad0f9036a7ea5a2b68891dc4b267cbe84db363e00577e723a6bd922807d,"{""header_bytes"": 13, ""payload_definition"": ""LZMA Compressed Data field""}",6257.82227785,6361.32315522
period-6-010111,5000000,lz4,19662,157112,19639,184,23,True,08292ada5ee3b9c4b133235987363c920984ebe4b55e085b1b2af83f57b7f10f,c8a04ad0f9036a7ea5a2b68891dc4b267cbe84db363e00577e723a6bd922807d,"{""block_checksum_bytes"": 0, ""block_count"": 2, ""block_size_headers_and_endmark_bytes"": 12, ""content_checksum_bytes"": 4, ""frame_header_bytes"": 7, ""payload_definition"": ""sum of LZ4 Data Block fields""}",254.297629946,254.595447833
period-6-010111,5000000,zstd,482,2840,355,1016,127,True,5931b6402e659549af5b65129f25e66dd3b62558bdafc2624797ba5bb1b99edc,c8a04ad0f9036a7ea5a2b68891dc4b267cbe84db363e00577e723a6bd922807d,"{""block_count"": 39, ""block_header_bytes"": 117, ""content_checksum_bytes"": 4, ""frame_header_bytes"": 6, ""payload_definition"": ""sum of stored Zstandard Block_Content fields""}",10373.4439834,14084.5070423
period-6-010111,10000000,gzip,14601,116664,14583,144,18,True,2526eaf3df2578e9031b60daaecec8dfd9bf0068158f9709dbb72c5f262c7b6d,7d049957651bc208b4cbd62c8b392bb774b759fb0de958941660383a61c0ab89,"{""member_header_bytes"": 10, ""member_trailer_bytes"": 8, ""payload_definition"": ""raw DEFLATE stream""}",684.884596945,685.729959542
period-6-010111,10000000,xz,1596,12240,1530,528,66,True,d6322c0aae85fbd0c6fedb0b2fd092785522e9814ee466a18b2434be130a6189,7d049957651bc208b4cbd62c8b392bb774b759fb0de958941660383a61c0ab89,"{""block_checks_bytes"": 8, ""block_count"": 1, ""block_header_bytes"": 20, ""block_padding_bytes"": 2, ""index_bytes"": 12, ""payload_definition"": ""XZ Compressed Data field(s), normally LZMA2"", ""stream_header_footer_bytes"": 24}",6265.6641604,6535.94771242
period-6-010111,10000000,bzip2,459,3556,444.5,116,14.5,True,26f22dac8378c5317171cf412a21815844c5979dbcda027e79caeec6c11b069a,7d049957651bc208b4cbd62c8b392bb774b759fb0de958941660383a61c0ab89,"{""payload_definition"": ""compressed block stream between BZh header and EOS marker"", ""stream_header_bits"": 32, ""stream_trailer_and_padding_bits"": 84}",21786.4923747,22497.1878515
period-6-010111,10000000,lzma,1505,11936,1492,104,13,True,f0fe8e3af1a7c5040f8df7dd9a0f246d89ffad3306fce5bf5a7516d0b265cb4c,7d049957651bc208b4cbd62c8b392bb774b759fb0de958941660383a61c0ab89,"{""header_bytes"": 13, ""payload_definition"": ""LZMA Compressed Data field""}",6644.51827243,6702.41286863
period-6-010111,10000000,lz4,39290,314104,39263,216,27,True,6d2ab11e2d5997ce6cb0d856f910196c5a0320c3f044da16b3ef7b0d37f65cf7,7d049957651bc208b4cbd62c8b392bb774b759fb0de958941660383a61c0ab89,"{""block_checksum_bytes"": 0, ""block_count"": 3, ""block_size_headers_and_endmark_bytes"": 16, ""content_checksum_bytes"": 4, ""frame_header_bytes"": 7, ""payload_definition"": ""sum of LZ4 Data Block fields""}",254.517688979,254.692713241
period-6-010111,10000000,zstd,938,5576,697,1928,241,True,0ecf39f8158c5828e41ae054d986b32d6bce10c84133234756ea879f06bddbfb,7d049957651bc208b4cbd62c8b392bb774b759fb0de958941660383a61c0ab89,"{""block_count"": 77, ""block_header_bytes"": 231, ""content_checksum_bytes"": 4, ""frame_header_bytes"": 6, ""payload_definition"": ""sum of stored Zstandard Block_Content fields""}",10660.9808102,14347.2022956
period-6-010111,20000000,gzip,29162,233152,29144,144,18,True,6b514e0e22c876a99d95da33111b6eb76003f905a0fe3f3cdce9293ca281bc87,c73ecd55b8f53ea9e9baac7fa8a50ca8823b2ba202e17d11fe4a06fdf1bc2371,"{""member_header_bytes"": 10, ""member_trailer_bytes"": 8, ""payload_definition"": ""raw DEFLATE stream""}",685.824017557,686.247598133
period-6-010111,20000000,xz,3052,23896,2987,520,65,True,c4c51b68a90adeb8f02f37090c10ab2483a18c96bea87bf0bb88252c6b86e002,c73ecd55b8f53ea9e9baac7fa8a50ca8823b2ba202e17d11fe4a06fdf1bc2371,"{""block_checks_bytes"": 8, ""block_count"": 1, ""block_header_bytes"": 20, ""block_padding_bytes"": 1, ""index_bytes"": 12, ""payload_definition"": ""XZ Compressed Data field(s), normally LZMA2"", ""stream_header_footer_bytes"": 24}",6553.07994758,6695.68128557
period-6-010111,20000000,bzip2,864,6794,849.25,118,14.75,True,d30b32c96fd618baab04741e8b7fb1384d768ef72ca1c13e6633ce4bc54f4b07,c73ecd55b8f53ea9e9baac7fa8a50ca8823b2ba202e17d11fe4a06fdf1bc2371,"{""payload_definition"": ""compressed block stream between BZh header and EOS marker"", ""stream_header_bits"": 32, ""stream_trailer_and_padding_bits"": 86}",23148.1481481,23550.1913453
period-6-010111,20000000,lzma,2915,23216,2902,104,13,True,7057dc4eb20b8a6e4fcb3bedf2fc42391ef62e34a7b3a62e600cb5862ea284e0,c73ecd55b8f53ea9e9baac7fa8a50ca8823b2ba202e17d11fe4a06fdf1bc2371,"{""header_bytes"": 13, ""payload_definition"": ""LZMA Compressed Data field""}",6861.06346484,6891.79875948
period-6-010111,20000000,lz4,78545,628080,78510,280,35,True,a2a218ab1e36528515780af0ee9378ec0f8f0cfc7aba53e45b4b8d8754d9af2d,c73ecd55b8f53ea9e9baac7fa8a50ca8823b2ba202e17d11fe4a06fdf1bc2371,"{""block_checksum_bytes"": 0, ""block_count"": 5, ""block_size_headers_and_endmark_bytes"": 24, ""content_checksum_bytes"": 4, ""frame_header_bytes"": 7, ""payload_definition"": ""sum of LZ4 Data Block fields""}",254.631103189,254.74461852
period-6-010111,20000000,zstd,1849,11040,1380,3752,469,True,50592bd93bda99bb10fceb62e0055dd813eb49931a8cd0b192d28b771791e50f,c73ecd55b8f53ea9e9baac7fa8a50ca8823b2ba202e17d11fe4a06fdf1bc2371,"{""block_count"": 153, ""block_header_bytes"": 459, ""content_checksum_bytes"": 4, ""frame_header_bytes"": 6, ""payload_definition"": ""sum of stored Zstandard Block_Content fields""}",10816.6576528,14492.7536232
period-6-010111,50000000,gzip,72862,582752,72844,144,18,True,2841c689ec533940565b39e91206774b3ea67f83127225e57378d6bceda88d9e,b877d9f3a1f6296d1f1283e3a9e6dda115fb3aba65e8953956d6716c224c90d8,"{""member_header_bytes"": 10, ""member_trailer_bytes"": 8, ""payload_definition"": ""raw DEFLATE stream""}",686.22876122,686.398330679
period-6-010111,50000000,xz,7532,59448,7431,808,101,True,c2e1fdff5d50b4174516a269b598291670303fa59b2a27fdb245687b6c8dfb92,b877d9f3a1f6296d1f1283e3a9e6dda115fb3aba65e8953956d6716c224c90d8,"{""block_checks_bytes"": 16, ""block_count"": 2, ""block_header_bytes"": 40, ""block_padding_bytes"": 1, ""index_bytes"": 20, ""payload_definition"": ""XZ Compressed Data field(s), normally LZMA2"", ""stream_header_footer_bytes"": 24}",6638.34306957,6728.56950612
period-6-010111,50000000,bzip2,2086,16571,2071.375,117,14.625,True,126c42e31708afc3e8f16ba4f86f7a8acfefbf62a6df412eac0aa326f66f4327,b877d9f3a1f6296d1f1283e3a9e6dda115fb3aba65e8953956d6716c224c90d8,"{""payload_definition"": ""compressed block stream between BZh header and EOS marker"", ""stream_header_bits"": 32, ""stream_trailer_and_padding_bits"": 85}",23969.3192713,24138.5553075
period-6-010111,50000000,lzma,7148,57080,7135,104,13,True,bc37b47a53b5a8d183750ff84f44e61b981a30668ec9c780020465bcf97647e4,b877d9f3a1f6296d1f1283e3a9e6dda115fb3aba65e8953956d6716c224c90d8,"{""header_bytes"": 13, ""payload_definition"": ""LZMA Compressed Data field""}",6994.96362619,7007.70847933
period-6-010111,50000000,lz4,196330,1570136,196267,504,63,True,cfab83956d766569c5ba67aff39533ebf9728d9a92436dfa3354c198e2f6004f,b877d9f3a1f6296d1f1283e3a9e6dda115fb3aba65e8953956d6716c224c90d8,"{""block_checksum_bytes"": 0, ""block_count"": 12, ""block_size_headers_and_endmark_bytes"": 52, ""content_checksum_bytes"": 4, ""frame_header_bytes"": 7, ""payload_definition"": ""sum of LZ4 Data Block fields""}",254.673254215,254.755002114
period-6-010111,50000000,zstd,4594,27504,3438,9248,1156,True,1acc93c216824ae277ddfa3d5e3f9154c3573dc4cded90ec24a1579e829e69ee,b877d9f3a1f6296d1f1283e3a9e6dda115fb3aba65e8953956d6716c224c90d8,"{""block_count"": 382, ""block_header_bytes"": 1146, ""content_checksum_bytes"": 4, ""frame_header_bytes"": 6, ""payload_definition"": ""sum of stored Zstandard Block_Content fields""}",10883.7614279,14543.3391507
period-6-010111,100000000,gzip,145698,1165440,145680,144,18,True,7a79668ab2ee8cf4b5717256203789b38efe6114c56ebf06897ffe44691a82d4,16cbe75cba779cbe4c45c0be19d7fb46c75cfb4c27598afd5a071fd5ef8e721c,"{""member_header_bytes"": 10, ""member_trailer_bytes"": 8, ""payload_definition"": ""raw DEFLATE stream""}",686.351219646,686.436024163
period-6-010111,100000000,xz,15044,118984,14873,1368,171,True,f0f55b8d390eab1339a078f47991115542200d0cadbdd073b739a1a63a690c61,16cbe75cba779cbe4c45c0be19d7fb46c75cfb4c27598afd5a071fd5ef8e721c,"{""block_checks_bytes"": 32, ""block_count"": 4, ""block_header_bytes"": 80, ""block_padding_bytes"": 3, ""index_bytes"": 32, ""payload_definition"": ""XZ Compressed Data field(s), normally LZMA2"", ""stream_header_footer_bytes"": 24}",6647.1683063,6723.59308815
period-6-010111,100000000,bzip2,4159,33154,4144.25,118,14.75,True,1eca8a6831ce6a1dce75a71c29af6a99e433a397d967ab22937a42ac2f7b92ee,16cbe75cba779cbe4c45c0be19d7fb46c75cfb4c27598afd5a071fd5ef8e721c,"{""payload_definition"": ""compressed block stream between BZh header and EOS marker"", ""stream_header_bits"": 32, ""stream_trailer_and_padding_bits"": 86}",24044.2414042,24129.8184231
period-6-010111,100000000,lzma,14201,113504,14188,104,13,True,04f001450c206be269fe230b1fe5162480d762b46f1a66cb14aee99374b0dde1,16cbe75cba779cbe4c45c0be19d7fb46c75cfb4c27598afd5a071fd5ef8e721c,"{""header_bytes"": 13, ""payload_definition"": ""LZMA Compressed Data field""}",7041.7576227,7048.20975472
period-6-010111,100000000,lz4,392645,3140272,392534,888,111,True,e05316d4602415208b8118a71c1c16467cc7e048f0ce63203018fa359f8194b6,16cbe75cba779cbe4c45c0be19d7fb46c75cfb4c27598afd5a071fd5ef8e721c,"{""block_checksum_bytes"": 0, ""block_count"": 24, ""block_size_headers_and_endmark_bytes"": 100, ""content_checksum_bytes"": 4, ""frame_header_bytes"": 7, ""payload_definition"": ""sum of LZ4 Data Block fields""}",254.682983356,254.755002114
period-6-010111,100000000,zstd,9160,54888,6861,18392,2299,True,5825012191c0d1ce0b376630f22115a4e561ee37c041968bc1eed44c991a7231,16cbe75cba779cbe4c45c0be19d7fb46c75cfb4c27598afd5a071fd5ef8e721c,"{""block_count"": 763, ""block_header_bytes"": 2289, ""content_checksum_bytes"": 4, ""frame_header_bytes"": 6, ""payload_definition"": ""sum of stored Zstandard Block_Content fields""}",10917.0305677,14575.13482
period-6-010111,200000000,gzip,291371,2330824,291353,144,18,True,08bda7f41c11734d65e321f306e79b02f44bd8e5420bf1618d0a2586337e81a6,c818853ee97610238036a62eccf7242f8f22b4ebe18e52608ec45a3bafd2ff93,"{""member_header_bytes"": 10, ""member_trailer_bytes"": 8, ""payload_definition"": ""raw DEFLATE stream""}",686.410109448,686.452516363
period-6-010111,200000000,xz,30060,238040,29755,2440,305,True,8b2059e5f256eaef99c8c393c936557f62ef583281e18e2619ae673c31680ca5,c818853ee97610238036a62eccf7242f8f22b4ebe18e52608ec45a3bafd2ff93,"{""block_checks_bytes"": 64, ""block_count"": 8, ""block_header_bytes"": 160, ""block_padding_bytes"": 1, ""index_bytes"": 56, ""payload_definition"": ""XZ Compressed Data field(s), normally LZMA2"", ""stream_header_footer_bytes"": 24}",6653.35994677,6721.55940178
period-6-010111,200000000,bzip2,8264,65994,8249.25,118,14.75,True,bce4f850195312377540f7e0e50b4a24835172cb691fd63b18dd26f6e4db66d3,c818853ee97610238036a62eccf7242f8f22b4ebe18e52608ec45a3bafd2ff93,"{""payload_definition"": ""compressed block stream between BZh header and EOS marker"", ""stream_header_bits"": 32, ""stream_trailer_and_padding_bits"": 86}",24201.3552759,24244.6282995
period-6-010111,200000000,lzma,28307,226352,28294,104,13,True,ae74facdf8e9a0996209956dfff842d10e1aea8a8bac64600eb1e64fe46013ef,c818853ee97610238036a62eccf7242f8f22b4ebe18e52608ec45a3bafd2ff93,"{""header_bytes"": 13, ""payload_definition"": ""LZMA Compressed Data field""}",7065.39018617,7068.63646003
period-6-010111,200000000,lz4,785276,6280552,785069,1656,207,True,5818ebf9b947afedd4ad4424ab360afc4fd041da44a846a4bfc1271ca53db671,c818853ee97610238036a62eccf7242f8f22b4ebe18e52608ec45a3bafd2ff93,"{""block_checksum_bytes"": 0, ""block_count"": 48, ""block_size_headers_and_endmark_bytes"": 196, ""content_checksum_bytes"": 4, ""frame_header_bytes"": 7, ""payload_definition"": ""sum of LZ4 Data Block fields""}",254.687523877,254.754677614
period-6-010111,200000000,zstd,18304,109728,13716,36704,4588,True,b52b1195cdec038d7c1695fd5ba3b081386c9317c01ee744db01c00a5ab9be7f,c818853ee97610238036a62eccf7242f8f22b4ebe18e52608ec45a3bafd2ff93,"{""block_count"": 1526, ""block_header_bytes"": 4578, ""content_checksum_bytes"": 4, ""frame_header_bytes"": 6, ""payload_definition"": ""sum of stored Zstandard Block_Content fields""}",10926.5734266,14581.5106445
period-6-010111,500000000,gzip,728376,5826864,728358,144,18,True,165cb48d3dedd3ca03743ae935a9ac36f8df3c12d926b9f7407c568fb9bf80fa,aefd51824fd4b1730883bedc1cd1ee1ba5b2392a865124639c27a4c3ab442fd3,"{""member_header_bytes"": 10, ""member_trailer_bytes"": 8, ""payload_definition"": ""raw DEFLATE stream""}",686.45864224,686.475606776
period-6-010111,500000000,xz,75108,595144,74393,5720,715,True,49af58ece51fd4d59d7cdd57dd2c2855e206caf7fe47d8620ad97cb25856f326,aefd51824fd4b1730883bedc1cd1ee1ba5b2392a865124639c27a4c3ab442fd3,"{""block_checks_bytes"": 160, ""block_count"": 20, ""block_header_bytes"": 400, ""block_padding_bytes"": 3, ""index_bytes"": 128, ""payload_definition"": ""XZ Compressed Data field(s), normally LZMA2"", ""stream_header_footer_bytes"": 24}",6657.08047079,6721.06246555
period-6-010111,500000000,bzip2,20585,164564,20570.5,116,14.5,True,0002e747fc2ced6081fb1ccfacf59fe6f7d205d042b3f55609dc6f22aca09597,aefd51824fd4b1730883bedc1cd1ee1ba5b2392a865124639c27a4c3ab442fd3,"{""payload_definition"": ""compressed block stream between BZh header and EOS marker"", ""stream_header_bits"": 32, ""stream_trailer_and_padding_bits"": 84}",24289.531212,24306.6527309
period-6-010111,500000000,lzma,70625,564896,70612,104,13,True,dea117c51ced8d2e6854cabb7be8f371e4c0a9c34abb4e5272cb030d188952dd,aefd51824fd4b1730883bedc1cd1ee1ba5b2392a865124639c27a4c3ab442fd3,"{""header_bytes"": 13, ""payload_definition"": ""LZMA Compressed Data field""}",7079.6460177,7080.9494137
period-6-010111,500000000,lz4,1963169,15701392,1962674,3960,495,True,ef511d4808874b009e0cf64562e7384796a4d61abbe88aee63d5617b11989605,aefd51824fd4b1730883bedc1cd1ee1ba5b2392a865124639c27a4c3ab442fd3,"{""block_checksum_bytes"": 0, ""block_count"": 120, ""block_size_headers_and_endmark_bytes"": 484, ""content_checksum_bytes"": 4, ""frame_header_bytes"": 7, ""payload_definition"": ""sum of LZ4 Data Block fields""}",254.690248267,254.754482915
period-6-010111,500000000,zstd,45736,274248,34281,91640,11455,True,0c35cb214c16f6b4792074e7b5d627e858a2744492016a96e64717aa667236b4,aefd51824fd4b1730883bedc1cd1ee1ba5b2392a865124639c27a4c3ab442fd3,"{""block_count"": 3815, ""block_header_bytes"": 11445, ""content_checksum_bytes"": 4, ""frame_header_bytes"": 6, ""payload_definition"": ""sum of stored Zstandard Block_Content fields""}",10932.3071541,14585.3388174
period-6-010111,1000000000,gzip,1456712,11653552,1456694,144,18,True,499125161bd23f94ed1679e79f817d077a015a50affe37db404879bf44231768,8971860ba70e2be28e46aa192769f057fba75ef3730ee397a9da119dcf51dbe8,"{""member_header_bytes"": 10, ""member_trailer_bytes"": 8, ""payload_definition"": ""raw DEFLATE stream""}",686.477491776,686.485974405
period-6-010111,1000000000,xz,150180,1190296,148787,11144,1393,True,b443dcea121bb37a45f3bbf5dca5b378f47d1cd5a412e78d2bcd8781f56e8f37,8971860ba70e2be28e46aa192769f057fba75ef3730ee397a9da119dcf51dbe8,"{""block_checks_bytes"": 320, ""block_count"": 40, ""block_header_bytes"": 800, ""block_padding_bytes"": 1, ""index_bytes"": 248, ""payload_definition"": ""XZ Compressed Data field(s), normally LZMA2"", ""stream_header_footer_bytes"": 24}",6658.67625516,6721.01729318
period-6-010111,1000000000,bzip2,41160,329165,41145.625,115,14.375,True,0829d126d291c0ccc1c409fe6fe53c461c95faf7db7085e9b7e88f52a07fe746,8971860ba70e2be28e46aa192769f057fba75ef3730ee397a9da119dcf51dbe8,"{""payload_definition"": ""compressed block stream between BZh header and EOS marker"", ""stream_header_bits"": 32, ""stream_trailer_and_padding_bits"": 83}",24295.4324587,24303.9205262
period-6-010111,1000000000,lzma,141156,1129144,141143,104,13,True,7112970016fdf3ee1124b184371885ab0e025c48e3303c050d46973000a6be58,8971860ba70e2be28e46aa192769f057fba75ef3730ee397a9da119dcf51dbe8,"{""header_bytes"": 13, ""payload_definition"": ""LZMA Compressed Data field""}",7084.36056562,7085.01307185
period-6-010111,1000000000,lz4,3926303,31402656,3925332,7768,971,True,b8b076e85c8d151604aa433a7d994596c57655dfeb7bda6b90bdaec3c7ac99a4,8971860ba70e2be28e46aa192769f057fba75ef3730ee397a9da119dcf51dbe8,"{""block_checksum_bytes"": 0, ""block_count"": 239, ""block_size_headers_and_endmark_bytes"": 960, ""content_checksum_bytes"": 4, ""frame_header_bytes"": 7, ""payload_definition"": ""sum of LZ4 Data Block fields""}",254.692518636,254.755521316
period-6-010111,1000000000,zstd,91456,548448,68556,183200,22900,True,3fcd51f4f20c31332924153087124e5db7659a8864636c032b909a9906d5d1c0,8971860ba70e2be28e46aa192769f057fba75ef3730ee397a9da119dcf51dbe8,"{""block_count"": 7630, ""block_header_bytes"": 22890, ""content_checksum_bytes"": 4, ""frame_header_bytes"": 6, ""payload_definition"": ""sum of stored Zstandard Block_Content fields""}",10934.2197341,14586.6153218
